Timestamp_Step,Target_VM_ID,State_CPU_Utilization_Pct,State_Memory_Utilization_Pct,State_Network_IO_Mbps,Action_Allocate_CPU_MIPS,Action_Allocate_Mem_MB,Reward_Signal
0,VM_10,27.74,31.9,512.22,250,2048,-0.8155
1,VM_53,51.81,82.95,39.49,250,2048,0.459
2,VM_15,51.98,17.8,582.17,500,512,-0.3054
3,VM_59,58.0,78.27,420.94,250,2048,0.3621
4,VM_22,72.65,36.25,492.49,0,1024,-0.2542
5,VM_51,61.11,14.3,512.87,1000,512,-0.7089
6,VM_48,59.03,63.55,431.1,250,512,-0.1878
7,VM_21,9.82,28.5,474.38,1000,512,-0.7747
8,VM_59,38.89,29.49,553.35,250,0,0.1538
9,VM_56,25.89,34.48,607.43,1000,2048,-0.9181
10,VM_22,28.88,15.09,587.41,250,512,0.0546
11,VM_36,54.89,24.17,698.3,500,0,0.7727
12,VM_34,22.96,10.41,167.77,1000,0,0.6757
13,VM_30,31.46,45.63,332.9,250,512,0.7656
14,VM_25,26.34,16.74,759.28,250,512,0.8441
15,VM_45,90.37,64.61,329.34,500,1024,-0.7909
16,VM_28,90.02,28.85,117.4,500,512,-0.7425
17,VM_1,59.89,85.49,429.85,500,1024,0.114
18,VM_49,88.21,79.7,105.4,1000,512,0.7879
19,VM_45,75.72,33.16,178.23,1000,512,0.9487
20,VM_4,58.1,72.66,798.69,500,2048,-0.9075
21,VM_7,5.58,74.26,442.26,0,512,-0.2885
22,VM_49,74.53,88.93,241.57,0,512,-0.5742
23,VM_9,68.22,57.83,795.92,250,1024,0.5119
24,VM_36,60.37,16.56,773.92,0,1024,0.2804
25,VM_19,73.44,61.75,363.78,250,2048,-0.7602
26,VM_1,51.16,60.0,223.11,1000,512,-0.033
27,VM_10,68.37,61.07,673.95,1000,512,0.3709
28,VM_36,89.17,34.57,578.18,0,1024,0.558
29,VM_9,38.82,78.77,555.81,1000,0,-0.9599
30,VM_45,68.73,86.76,716.63,500,0,0.7809
31,VM_46,47.81,27.42,557.75,500,0,0.1386
32,VM_42,65.7,17.05,241.36,0,1024,0.6238
33,VM_32,73.66,25.56,561.21,0,1024,0.6159
34,VM_32,9.09,75.64,258.53,250,0,-0.6203
35,VM_6,63.19,64.13,612.21,1000,0,-0.7797
36,VM_48,25.41,60.88,503.4,250,512,0.4426
37,VM_38,65.3,42.14,80.38,250,1024,-0.6871
38,VM_17,47.15,56.23,420.01,500,1024,0.6999
39,VM_10,74.62,34.63,287.77,500,0,0.4524
40,VM_50,16.11,48.18,276.29,500,0,0.6837
41,VM_27,61.37,73.45,489.76,500,2048,-0.402
42,VM_54,30.06,88.5,271.41,250,1024,-0.3668
43,VM_50,81.77,84.6,625.98,500,2048,0.3424
44,VM_35,88.55,84.71,75.22,1000,512,-0.9371
45,VM_52,94.68,42.18,535.1,500,2048,0.453
46,VM_59,76.64,47.5,651.17,500,0,0.6716
47,VM_21,72.84,66.45,544.81,500,1024,-0.1697
48,VM_25,24.4,83.78,407.84,0,1024,0.5298
49,VM_28,35.24,21.36,761.24,1000,2048,-0.6508
50,VM_47,46.91,34.34,253.95,1000,2048,-0.3555
51,VM_15,74.6,21.14,34.95,250,512,0.9486
52,VM_4,87.35,58.96,356.95,250,512,0.9727
53,VM_29,22.02,34.5,45.75,500,0,0.0252
54,VM_59,88.01,36.09,764.07,0,0,0.8685
55,VM_9,67.61,15.67,183.74,250,0,0.0455
56,VM_27,59.97,37.98,635.36,250,2048,-0.4168
57,VM_26,22.99,79.0,624.17,500,2048,-0.4662
58,VM_19,10.0,28.65,189.83,500,1024,0.859
59,VM_56,56.16,65.61,504.56,250,0,-0.6551
60,VM_28,63.64,60.37,57.5,250,2048,0.1593
61,VM_17,23.97,79.08,397.19,1000,1024,0.1111
62,VM_43,55.08,20.58,31.42,0,0,0.4792
63,VM_57,82.08,88.21,738.49,1000,512,-0.0015
64,VM_41,80.16,56.61,781.35,250,512,-0.4554
65,VM_42,88.46,89.64,193.38,1000,2048,-0.6612
66,VM_50,37.93,82.92,182.32,1000,1024,0.2416
67,VM_20,33.62,27.72,607.9,250,512,0.438
68,VM_45,72.45,14.49,217.64,500,1024,0.139
69,VM_40,43.8,30.45,718.16,250,1024,0.4767
70,VM_39,12.88,52.21,467.66,500,512,-0.717
71,VM_49,30.45,23.73,293.61,250,1024,0.7649
72,VM_53,42.67,23.4,669.5,250,512,0.1648
73,VM_23,31.33,47.01,404.86,250,2048,-0.7463
74,VM_47,34.9,12.66,731.07,0,0,-0.0761
75,VM_32,31.44,19.75,743.85,500,0,0.6896
76,VM_52,8.73,43.27,149.03,0,2048,0.7951
77,VM_47,62.34,15.05,21.81,250,512,-0.4707
78,VM_33,58.76,41.74,787.47,1000,512,0.4225
79,VM_57,63.8,47.92,726.79,0,512,-0.8
80,VM_46,22.31,46.1,63.25,500,512,-0.9329
81,VM_5,31.61,79.53,669.77,250,2048,0.1208
82,VM_43,60.77,52.4,377.09,0,0,0.3897
83,VM_48,58.97,47.44,221.99,1000,1024,0.5916
84,VM_34,50.57,42.86,705.42,0,1024,-0.3196
85,VM_40,36.54,75.41,173.4,500,0,-0.9869
86,VM_11,87.16,81.6,758.89,0,2048,-0.041
87,VM_50,35.58,78.26,180.38,1000,1024,-0.9683
88,VM_3,46.01,63.88,498.67,1000,0,-0.816
89,VM_58,66.03,20.99,194.01,500,2048,-0.3466
90,VM_33,53.87,32.15,445.62,1000,1024,-0.1257
91,VM_11,36.22,13.69,553.5,250,512,-0.4411
92,VM_16,44.21,84.47,168.38,1000,512,0.1637
93,VM_18,76.5,62.86,426.29,250,2048,-0.8893
94,VM_30,30.03,69.71,385.87,0,512,-0.7108
95,VM_48,17.8,34.93,75.41,250,2048,0.3905
96,VM_55,33.18,77.65,658.28,250,0,-0.7157
97,VM_10,81.46,30.77,281.83,0,0,0.2796
98,VM_18,13.01,10.13,468.17,1000,1024,-0.8906
99,VM_38,94.25,40.11,421.53,250,2048,-0.1852
100,VM_19,53.69,55.66,420.34,1000,1024,-0.6452
101,VM_36,93.64,48.3,103.63,0,1024,-0.7807
102,VM_59,89.51,78.97,350.32,500,0,0.1341
103,VM_13,45.75,18.43,372.85,1000,1024,0.8567
104,VM_56,22.86,54.31,592.24,1000,512,-0.8904
105,VM_46,19.84,51.04,675.21,500,1024,-0.1569
106,VM_3,26.6,32.51,445.09,500,2048,0.4151
107,VM_10,68.91,75.78,87.69,0,512,-0.0746
108,VM_38,29.57,70.23,204.74,1000,0,0.613
109,VM_1,35.73,68.63,148.65,1000,2048,-0.6407
110,VM_55,45.39,80.1,117.2,0,512,0.9192
111,VM_56,87.19,67.82,305.4,1000,2048,-0.2297
112,VM_27,22.05,28.55,198.93,250,512,-0.3169
113,VM_46,5.45,66.45,190.28,250,2048,0.7492
114,VM_8,10.41,34.62,62.66,250,2048,0.1277
115,VM_51,86.43,29.37,33.78,1000,512,0.0329
116,VM_46,63.28,15.84,100.16,250,0,0.454
117,VM_42,29.57,69.52,154.31,250,0,0.1597
118,VM_17,20.95,66.88,356.17,0,2048,-0.675
119,VM_9,31.48,28.76,418.21,0,2048,0.3484
120,VM_6,15.33,69.95,129.66,500,0,-0.7331
121,VM_43,89.74,83.43,351.33,500,0,0.6117
122,VM_25,75.58,18.64,286.56,500,1024,0.9795
123,VM_39,46.62,28.61,163.07,500,0,-0.2452
124,VM_49,82.85,70.02,25.34,0,2048,-0.1105
125,VM_60,27.45,31.96,384.27,0,512,-0.9071
126,VM_28,69.54,59.97,554.81,0,0,-0.9725
127,VM_33,82.05,16.49,196.5,250,1024,0.8428
128,VM_54,37.11,46.18,122.81,250,1024,-0.7428
129,VM_37,73.17,69.13,711.89,500,1024,-0.1084
130,VM_9,31.56,64.92,234.52,250,512,0.6307
131,VM_18,31.9,75.21,194.42,1000,0,0.7786
132,VM_56,14.64,80.2,688.54,0,0,0.0388
133,VM_59,44.61,71.85,657.34,500,0,0.1301
134,VM_21,70.67,63.73,369.71,500,512,0.3394
135,VM_2,89.62,12.54,401.61,1000,512,0.9228
136,VM_58,59.34,52.8,189.84,250,2048,0.2053
137,VM_43,82.68,13.02,81.08,500,1024,0.119
138,VM_59,79.02,74.65,467.28,250,1024,-0.9709
139,VM_60,20.6,35.66,96.71,250,0,-0.8381
140,VM_38,48.72,54.99,370.43,1000,512,0.1543
141,VM_58,15.52,32.36,753.59,500,512,0.8725
142,VM_40,66.39,72.6,763.21,250,0,0.7334
143,VM_36,90.49,80.92,206.68,250,0,0.9652
144,VM_50,17.34,41.89,506.81,1000,2048,0.0557
145,VM_60,71.05,79.03,389.78,1000,1024,0.5759
146,VM_43,61.9,31.37,703.03,250,1024,0.6808
147,VM_37,57.52,52.77,231.72,1000,1024,0.2961
148,VM_15,40.11,78.7,22.89,250,2048,-0.3225
149,VM_28,36.96,36.07,146.8,500,0,-0.06
150,VM_18,9.07,86.32,292.63,0,0,0.7158
151,VM_34,24.61,19.75,266.26,1000,1024,-0.4029
152,VM_22,6.37,11.46,637.26,0,1024,0.8475
153,VM_11,57.33,82.33,550.84,250,2048,-0.5404
154,VM_58,14.53,15.49,253.65,250,512,0.499
155,VM_57,83.57,89.35,377.04,250,512,0.2611
156,VM_13,52.08,86.11,94.54,0,1024,0.4992
157,VM_4,67.97,20.96,720.55,250,2048,-0.1253
158,VM_22,41.98,53.01,749.63,1000,1024,0.8653
159,VM_7,55.45,24.79,784.25,500,512,0.2649
160,VM_43,89.84,44.25,697.47,500,1024,-0.4234
161,VM_54,12.45,14.91,155.69,1000,512,0.2769
162,VM_24,27.85,27.91,56.03,500,512,-0.4264
163,VM_4,75.2,39.06,472.09,0,512,-0.4127
164,VM_28,13.89,45.09,731.83,250,0,-0.2008
165,VM_15,11.81,88.2,158.33,250,0,0.7049
166,VM_1,37.54,74.63,25.49,250,1024,0.0006
167,VM_55,13.3,68.99,648.29,0,512,0.3578
168,VM_3,57.66,52.96,79.9,0,0,-0.2161
169,VM_14,25.36,77.2,342.69,0,1024,-0.4728
170,VM_38,85.61,37.15,549.53,1000,1024,0.9093
171,VM_50,75.52,66.71,204.7,0,1024,0.2072
172,VM_57,67.97,89.5,85.49,500,1024,0.8679
173,VM_1,60.52,35.17,620.62,1000,1024,-0.5932
174,VM_38,82.71,63.92,511.54,1000,2048,-0.7062
175,VM_38,25.08,77.55,791.02,1000,512,0.7116
176,VM_21,83.58,83.26,288.56,0,1024,0.3618
177,VM_48,76.05,67.43,68.17,1000,2048,-0.6268
178,VM_29,72.33,32.69,592.79,0,512,-0.4613
179,VM_5,55.51,36.1,426.95,0,0,0.6013
180,VM_49,27.16,11.66,186.3,1000,1024,-0.0923
181,VM_10,43.12,70.87,629.75,250,2048,0.3411
182,VM_28,76.42,13.42,178.93,250,0,-0.3633
183,VM_21,7.86,79.17,223.32,1000,2048,-0.2375
184,VM_50,75.38,19.49,92.17,250,512,0.9814
185,VM_7,26.61,23.75,331.56,500,512,-0.5048
186,VM_3,17.99,48.12,346.76,500,0,0.0129
187,VM_45,15.41,69.03,421.36,0,2048,0.6888
188,VM_47,7.45,21.12,572.99,250,1024,-0.5216
189,VM_20,52.12,45.21,726.76,500,1024,-0.1696
190,VM_19,24.64,48.63,127.43,1000,0,0.2302
191,VM_35,94.05,26.98,62.39,250,0,-0.0376
192,VM_4,56.7,19.24,34.45,500,0,-0.081
193,VM_5,17.41,76.91,132.02,500,2048,-0.275
194,VM_1,66.99,50.2,533.2,1000,1024,0.1733
195,VM_4,85.8,11.15,587.43,0,1024,0.2487
196,VM_12,72.07,74.24,633.47,1000,1024,0.3066
197,VM_60,11.88,88.46,210.09,0,0,-0.8593
198,VM_27,85.63,58.47,258.6,500,1024,0.2621
199,VM_56,76.45,50.3,396.85,0,512,0.9065
200,VM_42,19.25,80.27,69.28,500,0,0.082
201,VM_23,9.66,86.2,496.69,500,1024,0.4305
202,VM_25,55.16,70.36,787.31,250,2048,0.1135
203,VM_21,19.04,45.64,301.43,0,0,0.7095
204,VM_58,80.11,57.38,607.22,0,512,0.8592
205,VM_52,37.25,66.07,410.03,0,512,-0.6316
206,VM_24,87.16,25.54,119.69,1000,2048,-0.1263
207,VM_25,55.91,45.78,474.15,250,2048,-0.2152
208,VM_45,21.44,76.39,253.9,250,0,-0.1896
209,VM_55,17.56,62.38,46.83,250,0,-0.749
210,VM_46,56.88,42.9,515.25,1000,512,0.6272
211,VM_32,73.57,63.07,689.97,0,2048,-0.9285
212,VM_55,75.34,19.46,288.92,0,0,0.0565
213,VM_32,29.82,42.12,324.43,0,512,0.3238
214,VM_5,23.38,73.45,715.0,250,2048,-0.5851
215,VM_36,6.51,27.64,654.61,250,512,0.8117
216,VM_46,66.13,24.88,577.66,500,1024,0.6771
217,VM_42,11.89,86.07,214.06,1000,2048,-0.0578
218,VM_49,42.87,26.79,729.97,1000,0,-0.1777
219,VM_42,59.15,30.87,140.44,250,0,-0.5269
220,VM_58,89.34,87.57,508.88,500,1024,0.46
221,VM_39,33.06,68.78,42.46,0,2048,-0.7365
222,VM_16,27.48,65.97,522.1,250,512,0.3605
223,VM_33,63.87,78.23,236.17,1000,0,0.6849
224,VM_49,60.73,19.27,370.75,1000,1024,-0.5431
225,VM_21,34.89,66.48,289.31,1000,1024,0.7329
226,VM_9,88.53,50.3,154.75,0,2048,-0.9334
227,VM_6,81.04,76.33,505.15,1000,2048,0.8256
228,VM_51,25.16,50.65,707.94,0,0,-0.7633
229,VM_45,26.52,59.62,768.09,0,1024,0.2915
230,VM_35,51.11,48.22,170.03,0,512,-0.4998
231,VM_39,74.62,48.25,579.55,250,1024,0.6731
232,VM_22,8.96,71.44,538.18,0,512,0.0246
233,VM_41,67.4,60.29,287.83,500,512,-0.7295
234,VM_54,63.34,60.66,34.9,1000,0,0.142
235,VM_5,25.83,46.02,558.04,250,1024,-0.1842
236,VM_42,66.32,52.49,757.49,1000,512,0.3229
237,VM_23,89.62,69.66,513.05,0,2048,0.7638
238,VM_17,9.21,76.08,359.53,250,512,-0.1812
239,VM_12,33.77,65.72,429.62,500,2048,-0.4202
240,VM_23,44.44,83.93,175.71,0,2048,-0.971
241,VM_16,85.93,75.63,605.42,1000,1024,0.1497
242,VM_3,91.6,54.95,602.21,500,2048,-0.1955
243,VM_30,44.97,63.71,133.5,0,512,-0.2507
244,VM_57,72.5,84.1,704.82,500,2048,-0.6341
245,VM_22,52.85,59.53,229.97,0,1024,-0.1399
246,VM_9,53.4,75.98,786.16,250,0,0.9689
247,VM_29,30.03,65.1,318.66,0,512,-0.4045
248,VM_47,24.53,54.15,158.75,250,512,0.1994
249,VM_37,30.92,29.35,294.34,0,1024,0.553
250,VM_23,55.07,44.08,363.34,0,1024,0.4983
251,VM_13,7.62,87.42,74.06,1000,1024,-0.3425
252,VM_32,86.65,62.62,471.01,500,1024,0.2217
253,VM_46,19.07,55.15,486.15,500,512,0.7425
254,VM_52,24.81,84.64,596.37,500,0,-0.9691
255,VM_47,51.64,56.92,42.75,0,2048,-0.1285
256,VM_48,68.91,52.09,442.17,0,2048,-0.5515
257,VM_23,13.62,70.74,61.27,0,0,-0.2227
258,VM_45,33.59,67.01,566.89,250,0,-0.168
259,VM_17,92.18,25.45,63.47,250,0,0.4933
260,VM_55,28.61,47.7,731.15,1000,1024,-0.8124
261,VM_40,33.17,47.8,567.62,0,512,0.0252
262,VM_21,80.28,40.26,415.76,500,512,0.1284
263,VM_2,9.52,51.38,364.37,500,512,-0.0117
264,VM_37,46.82,43.05,121.92,1000,1024,0.4637
265,VM_6,39.17,25.95,246.98,500,512,-0.2324
266,VM_44,33.49,42.99,697.79,1000,1024,0.8899
267,VM_18,30.71,15.78,725.47,0,512,-0.0364
268,VM_30,13.22,56.06,20.58,500,0,0.1424
269,VM_22,33.33,78.29,483.43,0,2048,0.6511
270,VM_54,8.87,68.02,581.05,250,2048,-0.4495
271,VM_33,75.29,38.83,502.62,500,1024,-0.8496
272,VM_30,40.84,16.97,83.71,250,512,0.4156
273,VM_17,44.95,26.17,189.83,500,2048,-0.034
274,VM_43,85.42,53.64,215.27,0,0,0.793
275,VM_32,64.22,26.56,668.75,1000,0,0.9654
276,VM_42,5.73,53.52,381.3,0,0,-0.2018
277,VM_51,89.89,28.53,399.73,0,1024,-0.1691
278,VM_14,26.34,77.91,749.22,0,1024,-0.1841
279,VM_58,14.69,41.78,516.93,500,512,-0.3509
280,VM_10,74.13,29.64,720.96,1000,0,0.5634
281,VM_47,50.04,74.99,376.08,250,512,0.518
282,VM_60,44.04,37.43,136.56,0,512,-0.0427
283,VM_51,27.46,18.92,745.35,500,0,-0.9107
284,VM_36,54.27,55.63,377.79,250,512,-0.3809
285,VM_34,29.69,56.53,161.67,0,2048,-0.4154
286,VM_9,86.14,67.18,255.87,250,1024,0.6222
287,VM_42,24.37,29.22,59.63,0,512,-0.8248
288,VM_28,84.59,45.5,385.27,250,0,0.6114
289,VM_11,55.35,32.59,685.44,250,1024,0.3384
290,VM_14,79.56,16.48,748.19,1000,1024,0.4649
291,VM_39,69.16,80.13,747.43,1000,512,-0.1356
292,VM_55,67.7,68.31,117.68,0,2048,0.3595
293,VM_47,34.19,34.12,318.0,500,512,0.2181
294,VM_54,26.05,57.95,42.02,1000,2048,0.538
295,VM_19,23.98,26.1,687.03,250,1024,-0.1065
296,VM_54,82.15,81.22,299.83,1000,512,-0.0543
297,VM_15,78.84,19.19,512.27,1000,0,0.2872
298,VM_28,44.65,10.31,577.62,0,512,-0.7838
299,VM_24,16.92,50.16,355.28,1000,2048,-0.1275
300,VM_8,39.4,56.65,259.03,1000,2048,0.9439
301,VM_43,60.74,56.32,770.53,250,512,-0.9249
302,VM_9,45.9,14.36,772.3,1000,2048,-0.368
303,VM_47,75.22,35.12,245.76,250,1024,-0.3718
304,VM_33,94.79,49.94,394.11,1000,512,0.2669
305,VM_33,22.2,27.33,778.82,1000,2048,-0.7884
306,VM_19,46.37,79.81,23.8,500,512,0.2571
307,VM_3,43.79,16.97,341.89,1000,512,-0.8099
308,VM_10,32.4,48.99,98.36,250,0,-0.8101
309,VM_40,22.83,65.31,417.14,250,512,0.4564
310,VM_47,10.91,30.94,39.24,0,0,-0.3517
311,VM_42,84.84,59.94,337.38,0,2048,0.9548
312,VM_1,42.79,76.35,192.15,500,0,-0.9253
313,VM_29,49.72,25.23,435.98,250,0,-0.1098
314,VM_50,87.52,83.38,796.88,250,0,-0.7737
315,VM_34,74.87,54.28,644.42,250,1024,-0.2972
316,VM_51,16.75,33.94,679.6,500,0,0.9964
317,VM_13,55.89,44.47,515.51,250,512,0.7777
318,VM_54,44.8,34.98,52.42,0,0,-0.9034
319,VM_1,76.75,68.01,181.3,500,512,0.1265
320,VM_34,70.18,73.7,741.55,0,0,0.2956
321,VM_29,67.14,76.63,305.57,0,1024,-0.5809
322,VM_48,35.65,88.86,100.84,500,2048,-0.7098
323,VM_47,77.45,73.3,567.88,1000,0,0.8088
324,VM_13,9.72,58.11,253.58,1000,0,0.9376
325,VM_48,19.37,37.14,229.71,0,1024,0.9838
326,VM_49,35.21,53.57,798.42,1000,0,0.5795
327,VM_53,11.91,13.29,689.35,250,512,0.327
328,VM_29,26.15,69.59,338.19,500,0,-0.3085
329,VM_39,79.71,45.68,784.6,0,0,-0.6572
330,VM_24,90.34,11.6,527.09,250,2048,-0.842
331,VM_26,32.41,15.0,598.78,1000,2048,0.3866
332,VM_17,28.81,41.0,44.58,250,0,0.5694
333,VM_7,30.19,56.67,114.85,1000,1024,0.6529
334,VM_13,29.99,47.14,513.81,0,2048,0.8275
335,VM_5,8.23,59.54,721.24,250,0,0.7599
336,VM_26,88.42,48.42,506.52,500,2048,0.9995
337,VM_49,24.23,62.94,124.54,0,0,-0.5119
338,VM_3,42.8,27.53,110.29,250,2048,0.5266
339,VM_7,5.87,19.03,678.46,250,2048,0.1729
340,VM_58,82.22,57.71,128.66,1000,512,-0.4775
341,VM_49,70.8,48.78,425.78,0,0,0.9638
342,VM_39,90.21,12.15,48.95,0,0,0.7958
343,VM_53,75.35,40.44,82.92,0,0,-0.743
344,VM_1,33.23,18.49,544.43,0,0,-0.9477
345,VM_49,27.31,52.51,557.56,1000,2048,0.3767
346,VM_17,67.79,41.66,286.35,500,512,0.2083
347,VM_43,37.77,59.05,188.18,0,512,0.8716
348,VM_25,55.96,74.45,654.69,1000,1024,-0.532
349,VM_59,5.56,33.97,189.34,500,0,-0.8312
350,VM_3,10.57,86.97,442.78,500,1024,-0.4816
351,VM_15,53.18,52.85,775.2,1000,2048,-0.9621
352,VM_29,55.95,59.46,135.32,0,1024,-0.9282
353,VM_53,72.63,64.45,753.88,500,0,0.8297
354,VM_43,16.88,63.34,162.66,0,512,-0.296
355,VM_32,51.19,50.88,462.61,0,512,-0.1784
356,VM_26,22.5,44.3,314.07,250,0,-0.9633
357,VM_60,13.39,14.3,772.64,0,2048,-0.459
358,VM_16,41.94,11.77,233.36,250,0,0.6095
359,VM_25,19.7,38.64,331.73,500,2048,0.231
360,VM_54,24.96,36.69,786.63,1000,512,0.5076
361,VM_28,33.58,41.02,438.45,250,2048,-0.1056
362,VM_9,28.34,21.07,412.05,1000,0,-0.3805
363,VM_56,12.88,69.05,221.07,500,0,-0.0344
364,VM_56,13.09,78.56,567.06,0,0,-0.3539
365,VM_1,22.39,85.1,31.21,500,2048,0.6779
366,VM_29,9.55,49.39,58.62,1000,2048,-0.4047
367,VM_57,61.38,66.07,487.5,500,2048,0.3195
368,VM_22,30.86,78.44,286.51,0,512,-0.726
369,VM_16,30.18,43.46,763.59,500,1024,0.3737
370,VM_41,34.88,34.75,724.49,0,1024,0.8266
371,VM_51,64.65,84.94,576.69,250,0,0.2172
372,VM_44,83.36,51.25,658.15,1000,512,0.1197
373,VM_51,73.32,49.78,540.52,0,2048,0.9222
374,VM_54,70.48,24.27,117.95,0,0,0.2548
375,VM_41,48.6,18.65,617.12,500,512,-0.4809
376,VM_7,67.44,77.37,183.95,250,0,-0.4152
377,VM_14,54.75,59.13,272.29,0,512,0.4106
378,VM_29,24.46,36.07,659.0,250,512,0.4709
379,VM_19,23.77,25.34,438.49,250,1024,-0.393
380,VM_19,31.68,54.44,690.75,500,0,-0.3093
381,VM_2,86.97,56.71,186.17,0,2048,0.9821
382,VM_41,54.27,26.56,494.07,500,1024,-0.7961
383,VM_45,71.05,78.11,85.36,1000,1024,-0.1907
384,VM_15,36.19,16.74,521.59,1000,2048,-0.8751
385,VM_3,41.69,38.49,614.78,0,512,0.6422
386,VM_11,16.3,64.43,476.25,250,2048,-0.8153
387,VM_53,20.42,31.93,227.66,0,0,0.348
388,VM_46,79.46,76.21,44.45,0,2048,-0.887
389,VM_30,57.64,69.19,113.17,1000,512,0.3457
390,VM_57,35.38,73.12,505.4,1000,2048,0.6861
391,VM_40,77.26,19.53,748.85,250,512,-0.2024
392,VM_18,27.19,21.24,181.1,250,512,0.0443
393,VM_51,92.84,32.92,593.32,0,0,-0.1969
394,VM_48,36.03,51.45,695.83,500,2048,-0.399
395,VM_2,35.36,69.84,426.29,0,2048,0.6065
396,VM_32,33.07,76.92,542.03,250,0,-0.456
397,VM_8,15.99,66.35,655.71,500,512,0.4459
398,VM_22,15.0,84.29,223.33,1000,2048,-0.5876
399,VM_6,63.33,69.1,251.58,250,0,-0.5003
400,VM_12,83.76,34.5,20.49,250,512,-0.3271
401,VM_47,76.15,31.21,771.21,500,0,0.1783
402,VM_57,17.7,65.7,735.69,250,2048,-0.0912
403,VM_40,54.1,25.43,616.36,250,0,0.4903
404,VM_36,14.5,17.42,81.68,250,1024,-0.5729
405,VM_15,9.08,52.58,369.05,250,512,-0.9787
406,VM_28,64.07,75.73,99.48,250,1024,0.5531
407,VM_52,53.16,18.11,32.42,250,1024,0.6433
408,VM_57,12.38,73.35,500.62,250,512,-0.881
409,VM_49,8.14,74.93,769.45,250,512,0.2218
410,VM_45,94.08,48.58,724.24,1000,0,-0.2436
411,VM_18,7.7,14.58,563.47,250,512,0.5878
412,VM_2,45.01,23.97,95.38,1000,1024,0.7488
413,VM_13,50.42,66.59,233.85,1000,1024,0.702
414,VM_45,15.56,66.94,269.64,0,2048,0.5544
415,VM_54,20.22,81.87,615.26,0,512,-0.4619
416,VM_15,36.66,56.61,645.75,1000,1024,0.6238
417,VM_20,73.55,19.93,320.38,1000,2048,0.067
418,VM_29,50.64,19.71,345.95,250,2048,-0.8945
419,VM_59,62.41,67.69,54.72,0,0,-0.0861
420,VM_42,93.67,24.7,245.53,500,1024,0.8843
421,VM_29,74.12,36.27,372.0,0,0,0.7757
422,VM_3,44.09,48.98,111.25,1000,1024,-0.7955
423,VM_19,45.18,11.98,373.55,1000,0,0.4883
424,VM_3,60.69,29.91,685.48,250,0,0.6116
425,VM_54,64.88,42.63,473.43,250,512,-0.4572
426,VM_14,50.06,32.37,81.57,0,0,-0.0568
427,VM_40,63.04,20.91,169.5,250,512,0.422
428,VM_59,7.12,68.24,390.14,500,2048,-0.1219
429,VM_55,43.67,75.05,301.96,500,1024,-0.7744
430,VM_4,30.1,30.6,299.81,250,2048,0.4118
431,VM_59,16.63,71.95,432.83,500,1024,0.8233
432,VM_60,13.96,40.84,475.83,500,2048,0.305
433,VM_52,59.29,50.53,641.55,0,1024,0.5476
434,VM_11,52.12,78.48,285.95,500,0,-0.2833
435,VM_58,27.82,70.0,648.26,1000,1024,-0.6336
436,VM_31,47.39,74.41,284.12,1000,1024,0.2855
437,VM_43,49.3,20.95,63.24,0,2048,-0.3445
438,VM_32,22.55,15.58,452.27,250,2048,0.7201
439,VM_27,63.69,81.47,478.56,0,2048,-0.7547
440,VM_30,75.28,41.03,748.94,250,512,-0.1331
441,VM_43,76.23,33.03,586.33,250,512,-0.2065
442,VM_2,59.22,67.98,735.86,250,1024,0.8761
443,VM_49,51.05,76.91,728.51,250,1024,-0.6937
444,VM_9,10.49,79.0,491.57,250,0,-0.9803
445,VM_28,30.9,35.28,431.65,0,0,-0.5238
446,VM_31,13.39,78.18,454.8,250,1024,0.6406
447,VM_60,91.74,13.27,783.1,500,512,-0.5814
448,VM_34,17.16,13.97,623.07,500,1024,-0.5182
449,VM_56,18.66,59.88,102.89,250,0,-0.7402
450,VM_15,85.06,15.05,627.17,500,512,0.4309
451,VM_48,89.95,35.97,153.02,1000,512,-0.8617
452,VM_25,73.92,63.82,368.93,0,0,-0.3376
453,VM_36,5.49,36.98,184.16,0,1024,-0.435
454,VM_8,5.12,24.37,557.87,250,2048,0.1103
455,VM_9,39.03,32.51,704.3,250,1024,0.4608
456,VM_58,17.91,46.61,246.48,1000,1024,0.0658
457,VM_58,6.65,48.03,83.97,250,0,0.8621
458,VM_37,46.77,72.64,252.82,500,512,0.9029
459,VM_48,89.88,70.01,544.44,1000,0,-0.2771
460,VM_45,34.14,46.55,276.43,500,1024,0.5554
461,VM_39,64.5,77.65,236.93,0,2048,0.4776
462,VM_32,63.7,19.14,163.86,500,2048,0.7859
463,VM_58,27.6,30.43,408.06,0,2048,-0.1041
464,VM_52,63.54,76.24,235.24,500,0,0.0609
465,VM_17,24.11,40.24,590.19,0,512,-0.1685
466,VM_35,15.98,88.49,79.77,250,0,0.7008
467,VM_37,68.12,47.3,537.95,500,2048,-0.5406
468,VM_19,15.21,73.35,205.3,0,1024,-0.5206
469,VM_44,94.72,42.18,401.64,500,512,-0.2548
470,VM_29,21.51,44.0,243.15,1000,0,-0.5393
471,VM_59,58.47,40.63,583.76,250,0,0.122
472,VM_7,42.02,67.53,757.34,0,512,-0.731
473,VM_28,16.37,53.8,735.32,1000,512,-0.3596
474,VM_9,7.51,85.5,475.07,500,1024,0.8269
475,VM_28,61.05,30.07,380.84,1000,512,-0.1815
476,VM_6,77.61,18.05,658.27,500,1024,0.4965
477,VM_29,80.78,41.46,552.99,250,2048,-0.7731
478,VM_58,48.44,59.34,163.18,1000,2048,-0.5049
479,VM_17,74.97,78.86,660.32,250,0,0.6147
480,VM_16,65.56,37.7,354.53,0,2048,0.526
481,VM_23,70.18,62.3,167.41,500,2048,-0.2277
482,VM_31,49.33,38.02,239.8,500,1024,0.9088
483,VM_3,62.01,59.38,228.67,250,0,0.8213
484,VM_21,77.5,80.78,424.98,250,512,0.9246
485,VM_26,40.81,28.51,202.81,0,0,-0.1442
486,VM_36,77.54,42.34,116.38,1000,2048,-0.6051
487,VM_42,58.28,89.46,116.48,500,512,0.2533
488,VM_37,19.93,79.48,474.96,500,0,0.3695
489,VM_53,7.22,55.17,593.11,0,0,-0.7491
490,VM_22,37.65,51.33,270.8,0,0,0.573
491,VM_42,54.2,32.77,47.03,250,0,-0.9639
492,VM_12,80.58,51.38,119.24,250,1024,-0.0345
493,VM_42,16.47,77.85,733.46,1000,0,-0.338
494,VM_13,77.02,64.81,404.96,0,2048,0.4806
495,VM_11,82.67,33.2,373.79,1000,2048,-0.3745
496,VM_54,18.56,26.12,49.68,0,1024,0.6536
497,VM_16,81.64,31.22,588.34,500,512,0.1899
498,VM_8,94.23,23.58,431.89,0,512,0.5878
499,VM_40,70.42,17.65,177.62,0,2048,0.9787
500,VM_59,75.63,43.53,105.86,500,2048,0.3583
501,VM_57,94.5,19.06,319.04,0,1024,0.9699
502,VM_40,59.49,23.75,672.99,1000,512,-0.9423
503,VM_45,32.71,53.79,694.93,250,512,-0.3237
504,VM_59,80.38,23.17,490.22,250,0,-0.7843
505,VM_2,60.3,15.11,587.48,1000,0,-0.4754
506,VM_30,57.31,35.39,109.82,500,0,0.6778
507,VM_30,27.83,27.63,478.74,0,1024,-0.9354
508,VM_12,73.07,51.22,540.23,1000,2048,0.0404
509,VM_10,12.35,18.19,176.56,250,1024,0.1343
510,VM_44,88.19,70.14,706.52,250,512,0.1223
511,VM_11,34.32,82.5,172.1,1000,2048,-0.0494
512,VM_15,16.5,69.47,264.51,250,0,0.5812
513,VM_16,44.81,52.63,504.03,1000,1024,-0.7329
514,VM_17,8.82,78.85,517.91,250,1024,-0.3788
515,VM_26,66.62,65.59,565.52,1000,0,0.2315
516,VM_2,86.24,10.84,107.37,0,1024,0.3819
517,VM_50,80.35,41.53,682.58,0,0,-0.1917
518,VM_12,16.46,78.08,435.62,0,512,0.7507
519,VM_51,16.36,37.67,387.63,0,2048,-0.169
520,VM_26,78.21,12.82,785.26,250,512,-0.1944
521,VM_23,88.18,69.69,597.5,500,512,-0.9276
522,VM_18,46.46,74.16,112.04,1000,0,0.1023
523,VM_32,49.91,22.85,610.1,500,1024,0.4174
524,VM_49,33.64,52.99,94.29,250,512,-0.7711
525,VM_38,85.48,25.36,41.43,250,512,-0.3891
526,VM_57,63.04,67.54,334.83,500,512,0.5625
527,VM_47,30.94,31.72,794.99,500,1024,-0.2682
528,VM_3,31.89,35.3,156.41,250,1024,-0.5168
529,VM_38,85.21,77.6,544.66,250,0,0.3444
530,VM_3,6.23,48.11,155.25,1000,512,-0.6065
531,VM_30,34.05,63.58,585.33,0,2048,0.7913
532,VM_1,54.89,42.19,414.18,0,1024,-0.7888
533,VM_30,18.34,33.84,550.38,1000,0,0.4131
534,VM_45,13.29,60.04,178.24,500,512,-0.0009
535,VM_32,78.37,22.39,601.59,250,2048,0.7399
536,VM_28,85.5,39.84,796.58,500,1024,-0.7476
537,VM_21,79.12,26.72,539.21,0,2048,0.3558
538,VM_58,85.89,65.66,404.91,0,1024,0.1441
539,VM_46,54.78,85.54,740.08,500,0,-0.0398
540,VM_13,78.1,89.64,32.36,0,2048,-0.0172
541,VM_27,39.56,46.02,589.34,250,512,0.444
542,VM_36,64.96,30.2,713.22,1000,512,0.8755
543,VM_7,94.0,45.43,68.11,500,1024,-0.8175
544,VM_22,25.32,77.78,371.05,250,512,-0.961
545,VM_10,40.09,26.48,179.68,250,2048,0.6114
546,VM_39,48.2,86.17,461.88,0,0,-0.7837
547,VM_53,17.42,37.35,526.64,250,1024,0.9734
548,VM_15,12.29,88.86,256.05,500,2048,0.2387
549,VM_15,79.68,77.09,378.79,250,1024,0.3017
550,VM_4,92.91,74.69,237.88,1000,0,-0.6022
551,VM_32,41.43,35.43,308.13,250,1024,-0.5194
552,VM_23,12.89,10.7,144.44,250,512,0.3187
553,VM_55,10.92,40.57,710.74,1000,512,0.8195
554,VM_6,85.22,34.14,27.81,250,1024,0.9648
555,VM_24,46.74,12.99,708.28,250,0,-0.6039
556,VM_20,33.8,50.43,465.91,0,0,-0.7318
557,VM_58,47.88,42.24,278.69,500,512,-0.8872
558,VM_37,33.65,60.76,583.98,0,0,0.7366
559,VM_20,49.01,59.69,416.05,500,1024,-0.4106
560,VM_12,82.36,19.66,409.3,1000,2048,-0.9964
561,VM_33,58.31,88.16,105.91,1000,1024,-0.5524
562,VM_28,67.52,24.95,323.82,1000,512,-0.3191
563,VM_8,37.82,45.62,208.03,500,512,0.982
564,VM_1,71.47,49.05,32.24,500,512,0.0471
565,VM_37,65.0,75.05,300.88,500,0,-0.5906
566,VM_22,15.76,17.94,90.06,1000,1024,-0.3304
567,VM_6,56.54,44.29,220.33,500,2048,-0.3394
568,VM_21,28.11,60.28,92.16,250,1024,-0.9605
569,VM_32,77.37,27.21,98.73,0,2048,-0.7296
570,VM_35,43.33,60.2,175.23,1000,1024,0.3904
571,VM_15,94.52,83.89,799.88,0,512,-0.7595
572,VM_5,13.33,89.8,21.7,250,2048,-0.5385
573,VM_60,75.23,12.6,518.16,500,1024,-0.2985
574,VM_56,65.63,28.85,130.17,0,0,0.5155
575,VM_46,74.07,34.82,738.09,250,0,0.1648
576,VM_50,32.68,41.93,93.03,250,1024,0.378
577,VM_48,49.28,29.38,764.95,0,512,0.134
578,VM_6,76.69,26.28,496.52,1000,2048,0.3672
579,VM_25,25.93,86.36,20.99,0,1024,-0.9943
580,VM_56,25.34,83.48,717.33,1000,0,0.8618
581,VM_46,54.59,13.76,426.94,500,2048,-0.7782
582,VM_59,52.12,37.11,224.88,1000,0,-0.1875
583,VM_56,30.4,42.41,618.48,500,0,0.5421
584,VM_40,31.83,29.12,742.8,0,1024,-0.1295
585,VM_29,30.01,60.31,397.28,500,0,0.8937
586,VM_7,74.44,61.23,266.13,250,2048,-0.0648
587,VM_40,63.67,78.04,635.38,500,512,0.7499
588,VM_13,79.92,69.27,551.79,1000,1024,0.6217
589,VM_38,92.79,53.41,713.23,1000,2048,0.962
590,VM_18,47.67,62.29,560.16,1000,1024,0.8531
591,VM_2,11.0,31.92,209.95,500,0,0.7962
592,VM_8,9.33,57.44,746.69,1000,0,0.4632
593,VM_11,31.61,49.14,101.77,1000,2048,-0.266
594,VM_33,88.93,20.67,229.0,250,2048,-0.7877
595,VM_54,52.09,29.4,425.75,500,512,0.3773
596,VM_38,29.46,33.34,461.28,250,2048,0.9573
597,VM_48,40.93,83.94,31.94,1000,2048,0.4532
598,VM_27,58.87,28.43,628.85,1000,1024,0.8575
599,VM_20,63.77,33.14,302.05,1000,0,0.6086
600,VM_12,18.85,39.55,337.01,500,2048,-0.6738
601,VM_43,92.93,63.1,651.31,0,512,-0.5016
602,VM_31,54.03,19.46,315.84,1000,2048,-0.3163
603,VM_27,17.21,86.32,56.84,1000,0,-0.6635
604,VM_32,85.43,79.25,157.62,1000,2048,0.1633
605,VM_10,11.72,56.18,765.6,1000,1024,0.9509
606,VM_3,86.7,63.92,74.92,500,0,0.5229
607,VM_45,94.69,11.33,296.85,0,2048,-0.1532
608,VM_27,68.04,37.12,412.48,0,1024,-0.991
609,VM_35,74.34,73.65,404.76,0,0,-0.3734
610,VM_31,35.36,16.2,23.09,1000,2048,0.0535
611,VM_15,89.74,32.59,410.91,1000,1024,-0.3515
612,VM_16,52.67,56.82,319.34,0,512,-0.7779
613,VM_13,70.91,30.51,778.22,0,1024,-0.1145
614,VM_49,88.17,84.72,144.14,1000,512,-0.4935
615,VM_35,92.77,20.48,296.24,1000,2048,0.8185
616,VM_52,79.99,73.79,347.2,250,1024,-0.7965
617,VM_11,32.27,50.64,324.74,250,512,-0.9017
618,VM_59,91.99,70.03,539.35,250,0,-0.9894
619,VM_21,61.53,34.86,188.1,0,1024,-0.3439
620,VM_51,88.76,51.16,192.44,500,2048,0.3208
621,VM_54,65.85,78.55,588.78,1000,0,0.4608
622,VM_11,32.65,47.35,410.23,250,512,-0.0935
623,VM_30,38.3,38.78,343.82,500,1024,0.3687
624,VM_60,54.54,52.89,151.98,1000,1024,-0.2802
625,VM_48,76.1,67.39,166.27,500,2048,0.3356
626,VM_53,33.62,45.49,28.23,0,0,-0.9188
627,VM_35,57.18,85.11,91.31,0,1024,-0.2185
628,VM_22,36.11,33.6,454.33,0,1024,0.5817
629,VM_38,78.42,48.04,715.66,250,0,0.606
630,VM_31,47.01,70.55,243.99,1000,1024,0.4323
631,VM_14,11.91,65.13,275.64,0,0,-0.5915
632,VM_24,19.94,79.09,110.17,250,0,-0.5056
633,VM_50,10.5,89.74,323.13,250,0,0.9922
634,VM_49,49.94,44.15,49.03,250,2048,-0.7932
635,VM_32,14.57,18.89,735.73,250,0,-0.6387
636,VM_36,15.27,12.43,545.03,0,0,-0.7399
637,VM_32,89.69,68.15,792.78,250,512,-0.3447
638,VM_55,83.54,79.92,708.6,0,512,-0.5796
639,VM_15,45.69,27.66,388.93,0,2048,-0.0046
640,VM_43,93.72,22.68,425.35,250,0,-0.048
641,VM_58,5.02,14.98,168.65,0,512,0.803
642,VM_35,60.26,75.82,380.39,1000,512,-0.9305
643,VM_3,60.48,34.91,724.36,1000,1024,-0.3602
644,VM_16,46.17,42.14,59.67,500,0,0.1933
645,VM_5,40.73,50.22,693.57,1000,512,0.2096
646,VM_21,45.98,77.16,285.94,0,2048,-0.0397
647,VM_10,42.35,62.07,721.62,0,1024,0.6313
648,VM_19,70.74,59.21,753.89,1000,1024,-0.8746
649,VM_25,17.18,24.05,543.27,250,0,0.631
650,VM_4,22.79,51.06,538.25,250,0,-0.0105
651,VM_29,21.25,67.23,373.15,0,1024,-0.7325
652,VM_19,28.62,87.86,671.72,250,2048,0.7714
653,VM_43,52.27,26.11,770.06,500,0,0.2985
654,VM_2,15.01,10.76,624.56,500,0,-0.6729
655,VM_10,83.14,16.02,505.11,1000,1024,-0.9327
656,VM_43,31.76,40.07,493.3,1000,1024,-0.7178
657,VM_25,19.63,75.64,682.59,250,0,0.2176
658,VM_20,65.81,10.57,442.14,0,512,-0.6414
659,VM_48,8.43,46.54,647.01,1000,0,-0.5485
660,VM_19,60.8,36.34,416.93,500,512,-0.9497
661,VM_23,67.84,14.2,68.71,1000,1024,0.4459
662,VM_24,24.34,46.02,319.48,1000,512,0.6207
663,VM_11,8.78,30.38,366.66,500,2048,0.5937
664,VM_46,37.73,38.15,130.46,0,1024,-0.7449
665,VM_34,13.87,66.45,99.95,1000,0,0.8066
666,VM_55,15.48,51.72,437.66,1000,0,0.3446
667,VM_28,27.88,19.97,86.41,1000,1024,0.7951
668,VM_5,31.59,86.91,256.3,250,1024,-0.1057
669,VM_59,52.7,60.87,600.79,1000,2048,-0.1261
670,VM_5,66.06,71.27,772.26,500,1024,0.5691
671,VM_51,58.35,16.34,579.94,0,0,-0.8134
672,VM_21,18.35,13.76,794.25,0,2048,0.0417
673,VM_12,20.49,11.56,564.7,500,0,0.6728
674,VM_50,84.09,25.1,249.16,250,512,0.6604
675,VM_4,55.25,43.15,544.2,500,1024,0.9123
676,VM_54,83.29,84.87,567.68,0,512,0.3965
677,VM_49,38.44,46.56,309.95,500,0,-0.5845
678,VM_42,60.3,33.22,33.82,250,512,-0.9594
679,VM_20,52.13,54.95,568.5,0,512,-0.0412
680,VM_38,33.72,18.95,36.93,250,0,0.0274
681,VM_25,47.29,58.76,512.33,500,0,-0.5195
682,VM_14,50.22,55.47,147.62,1000,1024,-0.7506
683,VM_11,23.07,73.36,461.17,500,512,0.1724
684,VM_32,33.35,88.94,413.05,250,2048,0.5285
685,VM_11,76.23,30.07,30.54,500,2048,0.9863
686,VM_18,87.42,50.77,303.04,1000,0,0.5166
687,VM_27,37.38,82.71,488.85,250,0,0.5873
688,VM_55,32.63,72.82,681.91,500,512,0.2329
689,VM_54,22.57,48.99,713.14,250,0,0.9718
690,VM_18,66.06,85.63,397.4,250,2048,0.2799
691,VM_56,34.08,14.58,588.17,0,1024,0.7205
692,VM_23,93.9,84.48,266.83,0,1024,0.8916
693,VM_11,34.31,14.04,286.91,250,512,0.8597
694,VM_21,40.47,53.78,171.68,500,1024,-0.2372
695,VM_44,59.3,81.24,458.32,500,0,-0.8427
696,VM_5,77.15,31.02,265.36,500,0,-0.6563
697,VM_23,47.26,47.78,85.81,1000,0,-0.8816
698,VM_41,43.04,35.95,554.3,250,0,-0.7892
699,VM_59,94.61,86.17,572.05,250,512,-0.6307
700,VM_25,5.94,75.89,300.79,1000,1024,-0.3178
701,VM_41,85.56,66.72,79.84,250,2048,0.0871
702,VM_54,18.42,57.01,352.51,250,1024,0.4234
703,VM_10,75.73,75.65,365.02,1000,0,-0.5781
704,VM_22,60.61,41.38,541.56,0,2048,0.345
705,VM_19,35.77,45.8,266.02,250,512,0.4085
706,VM_1,83.65,68.4,552.43,1000,0,0.1172
707,VM_7,6.16,38.62,699.76,500,0,0.8072
708,VM_4,25.4,15.11,205.24,0,2048,-0.778
709,VM_1,56.02,15.95,783.56,500,512,-0.6458
710,VM_15,36.64,19.23,321.37,250,2048,-0.1427
711,VM_40,59.93,79.57,228.46,0,512,-0.7466
712,VM_12,7.17,47.78,348.78,1000,0,0.1326
713,VM_22,15.48,67.03,93.63,250,1024,-0.2032
714,VM_22,16.44,41.43,118.05,1000,0,-0.4308
715,VM_50,22.04,30.7,343.26,0,1024,-0.66
716,VM_47,46.34,37.78,614.71,500,1024,-0.3293
717,VM_17,72.69,73.53,722.24,250,512,0.2159
718,VM_29,86.5,60.02,538.56,250,2048,0.1516
719,VM_46,80.18,85.01,102.07,1000,512,-0.6728
720,VM_14,22.72,64.38,544.18,0,0,-0.7502
721,VM_50,44.7,55.61,515.63,1000,2048,-0.9466
722,VM_20,22.95,58.82,648.5,0,1024,-0.9751
723,VM_50,28.8,85.39,663.69,250,1024,0.7596
724,VM_48,50.32,73.06,697.2,0,0,-0.9098
725,VM_33,11.13,11.92,343.02,250,2048,0.4624
726,VM_55,24.64,52.73,564.33,0,0,0.744
727,VM_59,89.18,65.07,229.24,500,0,-0.8039
728,VM_43,46.95,69.9,799.48,0,512,-0.1274
729,VM_15,45.08,27.05,156.76,500,0,0.9246
730,VM_12,6.31,79.37,27.89,0,2048,0.6683
731,VM_40,27.27,86.47,136.07,0,0,-0.0206
732,VM_54,82.97,28.94,625.18,1000,2048,0.5251
733,VM_20,19.82,80.61,368.49,1000,1024,0.6668
734,VM_30,42.36,17.76,369.05,250,0,-0.3039
735,VM_38,6.29,14.46,764.92,1000,2048,0.7843
736,VM_3,48.05,20.34,737.32,0,1024,-0.0591
737,VM_28,6.89,14.62,262.73,1000,2048,0.0556
738,VM_56,78.76,77.6,183.07,0,1024,0.9994
739,VM_26,79.24,14.72,681.82,500,512,0.6866
740,VM_30,75.9,31.73,726.69,0,0,-0.2765
741,VM_13,30.5,18.3,442.45,250,0,-0.9793
742,VM_13,80.35,33.63,510.95,500,1024,0.2523
743,VM_2,53.87,17.24,220.39,250,512,0.4078
744,VM_37,38.64,63.44,644.63,250,2048,0.3016
745,VM_49,61.28,20.67,513.06,250,512,0.9357
746,VM_38,6.11,78.15,412.74,1000,2048,0.7259
747,VM_2,17.87,75.38,66.88,250,2048,-0.1023
748,VM_36,71.81,11.09,734.43,500,0,-0.8743
749,VM_54,26.97,81.66,500.05,0,1024,-0.0479
750,VM_26,58.82,12.32,170.3,250,0,0.3785
751,VM_11,39.66,29.17,492.98,500,0,0.2154
752,VM_8,81.93,12.59,548.42,250,0,0.0763
753,VM_44,90.72,36.87,430.1,0,2048,-0.0624
754,VM_40,84.52,51.11,580.12,500,0,-0.4125
755,VM_43,29.36,73.73,473.53,500,2048,-0.4453
756,VM_22,22.47,37.04,759.26,0,1024,0.0005
757,VM_20,47.7,66.44,61.88,500,2048,-0.6788
758,VM_8,5.66,25.0,102.87,0,2048,-0.3186
759,VM_29,7.32,70.05,155.46,500,512,-0.352
760,VM_40,54.8,28.88,558.33,500,0,0.1743
761,VM_26,51.84,21.48,523.56,0,0,-0.8666
762,VM_30,94.51,24.83,715.81,0,0,0.6593
763,VM_17,23.17,24.57,591.64,500,0,0.1248
764,VM_20,28.23,51.03,416.52,500,512,0.3417
765,VM_52,15.22,77.58,793.63,0,512,0.4062
766,VM_55,87.58,16.37,227.56,1000,512,-0.417
767,VM_16,75.0,66.56,669.89,0,512,-0.0593
768,VM_46,79.01,62.35,352.9,500,0,0.9125
769,VM_43,86.25,79.8,526.01,500,2048,0.5334
770,VM_7,52.24,29.53,587.27,500,1024,0.9391
771,VM_16,45.61,46.01,514.33,0,512,0.4925
772,VM_45,34.74,84.07,129.6,500,2048,-0.6488
773,VM_59,58.03,62.8,365.5,1000,512,-0.8709
774,VM_47,45.89,41.1,457.92,250,0,0.1553
775,VM_56,45.64,20.51,682.25,1000,0,-0.2844
776,VM_48,89.32,31.0,366.04,0,2048,-0.4491
777,VM_27,93.56,56.5,736.62,500,2048,0.6144
778,VM_53,76.68,67.45,363.49,0,2048,-0.266
779,VM_23,73.11,19.95,448.05,250,0,-0.366
780,VM_24,66.25,57.97,641.1,0,0,0.7
781,VM_9,19.95,54.03,474.79,500,1024,0.6926
782,VM_35,10.32,51.12,768.97,250,2048,-0.2873
783,VM_51,67.17,65.21,535.06,250,1024,0.665
784,VM_20,70.59,77.0,427.71,500,512,0.7016
785,VM_37,9.23,35.84,38.4,500,1024,-0.1521
786,VM_42,88.52,81.12,342.71,500,512,-0.8671
787,VM_17,13.2,22.85,253.41,0,512,-0.9968
788,VM_47,30.73,23.84,603.52,1000,1024,0.0466
789,VM_31,65.52,31.34,182.46,0,2048,-0.3118
790,VM_55,20.29,19.56,180.07,0,512,0.9943
791,VM_57,9.99,28.43,167.82,1000,2048,0.5448
792,VM_8,34.8,18.51,117.98,500,0,0.5226
793,VM_15,73.94,75.74,262.59,500,512,0.9105
794,VM_31,42.23,21.12,711.02,1000,0,0.7754
795,VM_53,63.77,69.78,624.44,1000,1024,-0.3636
796,VM_30,57.17,13.83,593.5,0,2048,-0.668
797,VM_46,7.0,85.88,641.92,250,1024,0.4918
798,VM_20,93.97,66.89,230.15,1000,512,-0.2435
799,VM_60,8.73,10.54,712.2,0,0,-0.0537
800,VM_39,92.1,71.11,127.1,250,512,0.2608
801,VM_53,54.49,51.13,282.35,500,1024,0.8157
802,VM_55,91.68,72.35,477.66,500,2048,-0.1618
803,VM_12,15.33,51.8,100.27,0,2048,0.5666
804,VM_49,49.14,61.28,589.5,0,512,-0.4633
805,VM_17,20.26,72.91,322.05,1000,512,0.3959
806,VM_42,9.59,42.41,631.84,500,0,-0.9968
807,VM_30,60.58,10.22,404.46,0,1024,0.743
808,VM_29,23.7,78.0,161.08,500,512,-0.9392
809,VM_19,57.89,40.47,593.11,500,0,0.4255
810,VM_46,15.11,49.68,216.67,1000,512,-0.9075
811,VM_11,34.88,10.62,402.83,250,2048,-0.4675
812,VM_34,75.35,49.37,78.92,1000,0,-0.0056
813,VM_50,44.33,88.92,501.94,0,0,-0.1601
814,VM_7,61.5,32.26,539.37,1000,512,-0.6163
815,VM_44,63.27,41.63,315.37,1000,1024,-0.3324
816,VM_58,80.94,64.98,764.45,500,2048,0.4554
817,VM_34,34.24,75.18,701.85,1000,1024,0.3385
818,VM_59,66.86,43.39,572.19,0,0,-0.8564
819,VM_20,91.55,34.77,576.65,250,1024,0.4946
820,VM_50,70.72,85.03,216.87,1000,0,-0.8939
821,VM_38,49.09,64.17,532.32,1000,1024,0.0859
822,VM_24,61.76,19.52,174.6,250,512,-0.4799
823,VM_10,71.57,15.51,132.32,0,1024,0.1754
824,VM_32,60.1,48.68,799.58,0,0,-0.4773
825,VM_52,6.5,27.61,505.45,1000,2048,0.9699
826,VM_15,22.53,30.32,356.17,500,2048,-0.3805
827,VM_37,77.94,80.22,244.77,1000,2048,-0.5161
828,VM_20,29.54,17.17,491.06,250,0,-0.4431
829,VM_3,70.84,67.23,58.68,250,1024,0.7929
830,VM_37,38.49,31.69,93.85,250,2048,0.2724
831,VM_57,51.97,70.83,45.63,1000,2048,0.4614
832,VM_40,11.12,67.79,409.35,1000,2048,0.836
833,VM_8,21.31,10.59,488.47,0,512,0.8237
834,VM_40,91.15,50.73,68.73,500,0,0.4779
835,VM_44,85.11,21.15,582.56,1000,0,-0.6044
836,VM_56,63.7,79.3,199.71,0,0,0.6867
837,VM_23,46.37,79.73,554.46,1000,0,-0.5924
838,VM_40,65.82,43.47,785.88,0,0,0.4858
839,VM_11,60.67,45.55,559.06,0,512,0.3712
840,VM_46,56.17,34.26,708.89,500,1024,0.5178
841,VM_8,10.33,67.33,759.59,1000,512,0.0654
842,VM_29,61.95,38.69,399.67,0,2048,0.2775
843,VM_30,74.2,31.42,567.81,250,512,0.9066
844,VM_56,94.47,44.58,684.54,250,0,-0.7978
845,VM_60,6.0,17.32,298.15,250,512,-0.3823
846,VM_10,70.72,69.73,223.89,500,0,0.2227
847,VM_39,56.46,11.01,758.35,0,512,0.9281
848,VM_28,44.06,61.56,586.52,500,0,-0.8089
849,VM_49,16.48,24.63,191.35,1000,2048,-0.9549
850,VM_36,41.82,28.59,370.29,1000,0,-0.8885
851,VM_13,36.89,60.85,641.23,0,512,-0.8952
852,VM_32,32.25,89.44,446.71,250,2048,0.8156
853,VM_36,70.78,72.22,526.96,0,512,0.4425
854,VM_37,68.07,28.07,607.94,0,2048,0.3542
855,VM_26,58.01,24.08,505.17,0,1024,0.0451
856,VM_22,89.48,79.3,441.26,500,1024,0.5639
857,VM_4,36.49,45.53,604.7,1000,1024,-0.6887
858,VM_31,26.94,20.96,587.5,0,512,-0.2161
859,VM_18,64.03,78.98,511.3,0,512,-0.02
860,VM_38,22.89,75.29,300.64,0,2048,-0.7792
861,VM_24,33.35,88.71,336.53,500,2048,-0.161
862,VM_56,25.21,82.78,776.94,500,2048,-0.367
863,VM_23,11.22,78.14,107.66,500,2048,-0.9288
864,VM_22,79.47,14.21,229.43,0,0,-0.7265
865,VM_2,27.91,18.35,404.07,250,1024,0.5281
866,VM_31,47.57,55.52,672.65,250,0,-0.9639
867,VM_55,8.9,52.52,147.67,250,0,0.8685
868,VM_11,67.94,46.64,236.02,1000,0,-0.8272
869,VM_28,34.75,41.74,71.32,0,0,0.5985
870,VM_46,72.03,44.5,570.67,250,1024,0.7972
871,VM_32,42.12,55.54,205.8,250,0,0.8823
872,VM_5,22.62,10.17,323.17,250,2048,0.735
873,VM_38,51.19,30.86,366.09,0,512,-0.4249
874,VM_10,16.75,51.46,715.22,250,2048,-0.3338
875,VM_40,44.65,67.78,340.84,250,512,-0.1469
876,VM_46,33.56,23.93,133.28,0,2048,-0.7214
877,VM_24,87.08,53.75,428.97,1000,2048,-0.9555
878,VM_35,10.48,67.16,771.11,500,512,0.7382
879,VM_44,67.46,45.57,493.99,250,1024,0.1083
880,VM_48,21.45,12.17,787.04,500,0,0.2174
881,VM_60,33.71,45.94,676.06,1000,2048,0.854
882,VM_23,42.4,33.72,48.05,1000,1024,0.3302
883,VM_17,86.72,84.37,533.55,250,0,0.3817
884,VM_1,26.83,19.97,243.68,0,1024,0.5739
885,VM_55,13.22,62.2,456.5,1000,1024,-0.7673
886,VM_31,33.68,14.22,237.89,500,0,-0.2797
887,VM_31,14.42,45.69,292.12,500,2048,0.9364
888,VM_42,16.57,54.32,740.07,500,1024,0.8459
889,VM_57,56.65,33.84,181.18,500,2048,0.7682
890,VM_55,10.48,46.41,701.81,1000,2048,-0.0958
891,VM_42,7.78,23.08,43.76,250,2048,0.7144
892,VM_53,69.3,34.33,90.88,250,0,-0.9032
893,VM_56,37.55,59.69,686.65,500,512,-0.703
894,VM_34,16.28,34.14,511.83,250,2048,-0.1721
895,VM_9,27.83,81.98,602.84,500,512,-0.0332
896,VM_22,62.79,60.27,183.35,500,512,-0.473
897,VM_13,29.8,45.09,438.93,0,1024,-0.287
898,VM_25,49.51,13.1,595.03,1000,2048,-0.6744
899,VM_48,15.95,49.96,509.31,1000,2048,-0.0217
900,VM_18,57.93,71.18,387.93,500,2048,0.5877
901,VM_51,33.45,31.24,768.63,1000,512,0.3227
902,VM_12,61.43,74.54,547.4,250,0,-0.7844
903,VM_40,77.76,30.14,728.05,500,512,-0.0248
904,VM_17,60.05,75.9,589.22,0,2048,0.3953
905,VM_15,31.62,16.82,593.66,250,2048,0.0598
906,VM_42,28.02,79.29,82.41,0,2048,-0.2166
907,VM_15,34.47,49.93,300.38,0,512,0.2438
908,VM_15,19.82,33.72,689.53,1000,2048,0.9373
909,VM_55,21.31,31.21,201.43,1000,1024,-0.8102
910,VM_39,76.16,44.56,110.09,500,2048,-0.22
911,VM_13,39.63,89.92,274.36,1000,0,-0.1868
912,VM_17,44.24,27.63,191.94,0,1024,0.1539
913,VM_32,58.46,18.26,741.72,0,2048,-0.6957
914,VM_9,58.07,56.8,697.01,250,1024,-0.6467
915,VM_40,11.06,49.08,409.75,0,2048,-0.4293
916,VM_20,79.84,51.94,67.85,500,0,0.9117
917,VM_26,20.96,63.35,577.36,500,2048,0.4682
918,VM_27,70.08,31.37,506.26,1000,1024,0.3234
919,VM_21,74.54,82.85,777.03,1000,0,0.6339
920,VM_18,69.34,44.85,455.98,1000,512,-0.7448
921,VM_13,57.11,20.33,282.39,500,0,0.7187
922,VM_16,6.31,69.38,424.84,0,0,0.1897
923,VM_9,37.43,61.45,783.83,1000,0,-0.3293
924,VM_12,59.44,35.26,563.16,250,1024,0.6317
925,VM_44,39.87,59.72,544.14,1000,0,0.6051
926,VM_38,82.71,27.59,207.73,500,2048,0.6914
927,VM_19,32.79,45.59,600.01,1000,0,-0.769
928,VM_60,31.42,81.95,605.21,0,0,0.9387
929,VM_7,28.94,20.68,267.49,1000,2048,0.9193
930,VM_57,34.95,40.94,397.3,500,2048,-0.2851
931,VM_35,55.17,75.69,249.79,500,512,-0.8682
932,VM_48,68.63,87.56,221.79,250,0,-0.6659
933,VM_18,64.63,46.31,40.2,500,1024,0.9857
934,VM_16,77.69,50.56,242.47,250,0,0.126
935,VM_55,84.73,55.77,452.1,0,0,-0.2868
936,VM_39,78.45,84.59,21.25,500,2048,-0.4236
937,VM_4,6.71,78.66,240.91,1000,512,-0.486
938,VM_59,71.23,23.65,707.5,0,0,0.3283
939,VM_25,23.76,44.94,483.05,1000,1024,-0.1612
940,VM_32,16.96,47.12,494.13,1000,0,0.9308
941,VM_40,62.46,73.13,334.62,1000,1024,0.3677
942,VM_13,33.78,58.23,547.65,0,2048,0.5841
943,VM_45,10.14,62.34,168.15,0,512,-0.4145
944,VM_17,17.39,89.86,658.62,500,0,-0.8416
945,VM_49,5.08,16.0,111.02,1000,512,-0.0244
946,VM_37,86.29,27.84,531.68,250,0,-0.3708
947,VM_6,7.22,42.63,286.1,500,1024,-0.5958
948,VM_19,23.85,37.82,603.06,0,512,0.9053
949,VM_13,42.46,11.73,448.82,250,0,-0.112
950,VM_57,37.09,17.34,372.84,0,2048,-0.6506
951,VM_60,87.06,64.48,152.15,250,1024,-0.6027
952,VM_26,8.63,80.35,516.72,500,512,-0.4386
953,VM_14,51.1,51.14,780.32,250,0,0.9986
954,VM_31,66.24,53.14,663.97,500,512,-0.464
955,VM_54,88.85,30.41,66.81,0,0,-0.3424
956,VM_4,60.83,71.43,313.46,250,1024,0.3187
957,VM_60,77.34,70.14,741.95,1000,2048,-0.4121
958,VM_39,12.54,57.07,412.37,1000,1024,-0.5684
959,VM_8,39.73,27.01,536.45,0,512,-0.6827
960,VM_25,38.66,17.76,731.83,250,512,-0.3746
961,VM_13,84.77,15.14,701.56,1000,0,-0.7882
962,VM_32,18.62,57.42,411.42,500,1024,-0.9627
963,VM_59,18.67,76.0,361.36,250,0,0.6093
964,VM_38,34.57,78.67,284.96,250,1024,-0.7242
965,VM_38,9.9,47.09,580.84,1000,512,0.552
966,VM_56,21.42,72.74,243.85,500,0,0.5951
967,VM_28,91.87,85.75,214.91,500,0,0.0758
968,VM_53,43.54,32.01,297.87,500,1024,-0.3806
969,VM_30,61.88,41.84,158.23,250,2048,-0.7099
970,VM_3,70.35,84.52,562.19,0,1024,0.4736
971,VM_28,38.03,37.06,500.67,250,2048,0.2028
972,VM_3,18.25,83.11,396.65,250,1024,0.3109
973,VM_45,23.59,88.48,324.45,1000,512,-0.9827
974,VM_54,33.19,62.94,729.07,0,0,0.855
975,VM_34,62.25,75.35,42.72,500,1024,-0.8674
976,VM_16,40.85,69.96,619.9,1000,512,-0.2664
977,VM_22,5.61,65.96,723.49,250,1024,-0.1946
978,VM_32,52.11,34.55,368.16,0,0,-0.9973
979,VM_38,87.94,14.57,449.54,500,1024,-0.0058
980,VM_8,78.09,37.44,756.68,500,2048,0.5056
981,VM_55,79.27,63.35,185.58,250,0,0.6465
982,VM_8,76.56,18.2,425.71,500,2048,0.7588
983,VM_57,34.14,10.95,390.28,500,512,-0.0246
984,VM_6,73.87,21.18,221.55,0,512,0.2613
985,VM_14,17.88,67.26,658.5,1000,1024,-0.841
986,VM_32,64.19,87.82,721.69,0,2048,-0.0239
987,VM_35,62.74,88.65,629.91,1000,2048,-0.6904
988,VM_10,7.3,49.52,172.38,1000,0,-0.2607
989,VM_3,75.92,79.55,87.66,1000,2048,-0.3414
990,VM_59,86.29,68.95,492.25,500,2048,-0.1529
991,VM_12,29.07,50.08,64.53,0,0,0.1433
992,VM_49,78.12,55.82,544.8,500,0,0.8058
993,VM_59,12.42,20.98,433.73,250,2048,-0.211
994,VM_31,59.0,85.01,536.97,0,1024,0.9623
995,VM_29,48.71,38.15,480.33,1000,0,0.5181
996,VM_5,54.13,45.69,349.71,500,0,0.023
997,VM_52,88.36,63.73,176.68,500,2048,0.2881
998,VM_25,83.42,36.71,258.45,0,2048,-0.7956
999,VM_41,75.66,30.34,429.11,0,0,0.689
