Log_ID,Source_VM,Target_Hypervisor,CPU_Utilization_Pct,Request_Frequency_Hz,Label,Byte_0,Byte_1,Byte_2,Byte_3,Byte_4,Byte_5,Byte_6,Byte_7,Byte_8,Byte_9,Byte_10,Byte_11,Byte_12,Byte_13,Byte_14,Byte_15
Log_1,VM_18,H_1,52.31,15,Normal,114,175,120,12,228,130,159,162,18,141,175,213,80,122,67,172
Log_2,VM_33,H_15,89.06,609,Hypervisor_Attack,231,18,63,100,65,206,65,74,44,86,201,66,196,2,165,204
Log_3,VM_33,H_15,39.51,6,Normal,169,210,167,177,162,23,87,16,39,201,193,171,150,5,193,148
Log_4,VM_32,H_16,74.98,26,Normal,118,119,34,112,28,6,220,52,164,22,96,135,75,237,175,9
Log_5,VM_58,H_1,73.08,70,Normal,206,116,23,217,174,233,180,251,38,249,194,65,5,20,72,73
Log_6,VM_25,H_3,14.91,88,Normal,35,250,130,232,215,213,240,205,169,172,43,90,160,59,213,92
Log_7,VM_14,H_12,28.8,21,Normal,210,82,197,236,82,76,250,25,213,20,227,119,129,174,107,157
Log_8,VM_38,H_7,20.82,8,Normal,26,70,147,49,94,22,140,80,131,248,141,19,123,12,2,217
Log_9,VM_38,H_5,47.37,18,Normal,217,209,223,205,174,130,128,89,151,240,34,13,194,140,174,49
Log_10,VM_4,H_1,62.5,11,Normal,77,212,153,2,178,39,195,163,50,234,0,103,238,160,134,116
Log_11,VM_44,H_1,30.69,83,Normal,115,51,119,138,154,252,141,85,207,45,75,240,237,9,151,60
Log_12,VM_18,H_15,63.06,98,Normal,237,17,85,136,144,229,127,103,185,140,177,100,5,84,50,35
Log_13,VM_10,H_8,91.14,1436,Hypervisor_Attack,70,99,24,138,43,13,236,28,73,49,239,4,199,109,196,121
Log_14,VM_35,H_11,60.98,70,Normal,251,87,231,56,25,5,143,59,99,11,74,2,62,235,191,189
Log_15,VM_35,H_14,76.38,23,Normal,228,133,18,17,79,214,170,228,72,254,130,125,254,71,37,67
Log_16,VM_40,H_13,99.48,1308,Hypervisor_Attack,203,171,222,216,244,79,190,41,63,181,77,254,126,204,104,198
Log_17,VM_54,H_19,33.98,35,Normal,75,164,241,131,129,226,121,43,194,195,101,203,210,201,61,0
Log_18,VM_23,H_12,57.87,8,Normal,16,15,8,248,180,200,58,118,136,139,118,40,142,65,74,10
Log_19,VM_25,H_19,66.53,95,Normal,7,182,223,133,180,147,166,98,71,241,112,106,33,56,116,250
Log_20,VM_1,H_4,23.4,62,Normal,119,146,70,158,209,39,141,102,123,244,251,122,99,208,164,171
Log_21,VM_18,H_4,69.28,60,Normal,136,57,147,108,120,91,49,147,104,163,116,26,199,31,0,16
Log_22,VM_15,H_3,14.05,57,Normal,248,136,83,44,223,65,31,44,8,29,83,165,59,0,251,248
Log_23,VM_25,H_6,10.45,93,Normal,4,62,226,163,64,77,200,221,151,131,113,205,216,195,24,201
Log_24,VM_32,H_5,21.09,90,Normal,226,246,134,233,140,195,241,42,56,163,247,141,209,71,223,26
Log_25,VM_53,H_11,78.51,47,Normal,127,105,164,214,70,203,152,66,89,3,105,227,78,95,92,73
Log_26,VM_20,H_9,94.71,769,Hypervisor_Attack,212,125,245,15,238,146,156,115,178,17,185,171,248,15,192,239
Log_27,VM_17,H_3,13.26,53,Normal,129,55,78,102,27,192,4,105,21,116,99,237,12,64,143,246
Log_28,VM_57,H_9,79.8,64,Normal,232,85,63,31,79,50,78,185,173,179,105,244,62,75,59,64
Log_29,VM_11,H_12,62.14,98,Normal,116,80,104,127,182,242,184,241,219,70,200,85,153,244,139,70
Log_30,VM_13,H_3,68.66,98,Normal,45,46,78,165,148,141,129,199,126,108,118,197,228,100,248,160
Log_31,VM_25,H_20,86.27,1504,Hypervisor_Attack,232,5,243,217,125,102,232,36,141,36,7,230,76,140,39,106
Log_32,VM_20,H_17,17.38,77,Normal,91,185,17,56,82,165,31,213,193,251,204,214,24,219,185,202
Log_33,VM_25,H_12,46.06,85,Normal,32,87,193,157,208,103,33,101,126,213,68,175,39,178,79,140
Log_34,VM_42,H_18,64.05,64,Normal,217,30,115,166,62,47,86,47,60,139,77,183,17,154,27,209
Log_35,VM_45,H_4,54.64,51,Normal,79,179,15,76,185,220,136,25,27,104,76,252,163,8,174,205
Log_36,VM_49,H_10,54.17,19,Normal,50,75,244,121,184,31,229,194,249,56,53,115,143,61,83,223
Log_37,VM_31,H_18,63.0,67,Normal,55,22,16,207,165,199,210,157,248,185,225,77,21,107,16,251
Log_38,VM_53,H_8,98.29,856,Hypervisor_Attack,250,14,113,47,159,204,212,112,167,96,252,184,185,90,226,15
Log_39,VM_1,H_9,56.31,24,Normal,155,97,110,0,40,47,158,163,107,160,160,102,127,209,150,187
Log_40,VM_52,H_19,94.45,1463,Hypervisor_Attack,254,214,206,217,29,216,44,79,38,239,44,77,80,139,92,31
Log_41,VM_16,H_13,14.88,37,Normal,183,23,115,12,247,147,78,55,52,67,181,33,27,49,129,248
Log_42,VM_48,H_6,24.15,40,Normal,110,93,153,178,46,25,83,105,91,119,211,74,121,201,188,150
Log_43,VM_28,H_7,99.78,1623,Hypervisor_Attack,164,40,51,210,236,81,176,154,133,73,65,23,165,27,155,116
Log_44,VM_21,H_6,85.96,743,Hypervisor_Attack,236,113,230,193,60,173,68,113,74,201,170,58,129,14,230,104
Log_45,VM_30,H_11,29.8,72,Normal,164,198,147,97,34,161,244,213,30,126,214,18,195,23,83,166
Log_46,VM_59,H_17,23.33,27,Normal,91,181,166,144,146,117,175,162,159,174,237,46,191,173,102,120
Log_47,VM_3,H_19,11.87,76,Normal,162,93,144,41,110,28,197,123,16,208,13,151,184,49,56,228
Log_48,VM_34,H_12,76.34,17,Normal,188,103,38,182,95,35,113,36,239,13,154,122,82,158,237,72
Log_49,VM_6,H_13,57.87,92,Normal,101,80,82,43,67,47,56,74,21,131,208,199,45,186,161,10
Log_50,VM_43,H_18,76.99,44,Normal,30,138,119,245,55,37,244,20,109,93,137,153,218,135,230,7
Log_51,VM_29,H_7,70.47,34,Normal,187,71,118,33,250,254,143,104,140,86,203,218,254,149,223,248
Log_52,VM_3,H_5,33.83,98,Normal,252,240,154,63,1,108,224,25,219,82,106,68,96,211,29,236
Log_53,VM_58,H_16,17.89,29,Normal,7,37,188,80,107,64,66,173,89,94,71,42,186,45,199,124
Log_54,VM_33,H_4,44.93,77,Normal,162,38,219,50,3,120,79,76,211,178,132,54,228,19,151,163
Log_55,VM_11,H_1,11.88,30,Normal,33,121,108,125,239,53,161,210,144,132,88,145,251,182,52,49
Log_56,VM_45,H_4,20.49,28,Normal,71,218,206,172,140,15,213,211,12,19,65,226,46,246,146,172
Log_57,VM_5,H_3,26.34,43,Normal,164,121,53,5,13,131,85,242,182,230,227,161,26,6,130,174
Log_58,VM_50,H_4,56.6,93,Normal,224,1,233,79,152,59,206,23,14,94,141,181,205,133,205,80
Log_59,VM_32,H_1,99.17,1651,Hypervisor_Attack,17,19,114,189,208,207,39,38,179,31,123,107,200,26,109,179
Log_60,VM_47,H_12,91.75,900,Hypervisor_Attack,96,190,73,190,16,240,48,227,80,209,115,22,97,71,140,150
Log_61,VM_18,H_13,96.24,1238,Hypervisor_Attack,56,189,181,147,85,238,179,22,104,162,66,33,32,45,80,172
Log_62,VM_47,H_2,18.76,45,Normal,146,221,86,14,122,120,77,65,38,240,17,197,186,159,20,167
Log_63,VM_20,H_9,62.9,74,Normal,219,26,1,96,207,38,213,55,106,126,238,12,125,183,193,205
Log_64,VM_52,H_7,59.84,24,Normal,55,229,232,27,63,70,209,191,183,168,118,99,40,227,235,3
Log_65,VM_52,H_13,25.16,48,Normal,184,157,87,83,45,183,158,87,6,217,76,181,135,182,196,171
Log_66,VM_39,H_2,52.45,20,Normal,140,92,19,77,159,187,177,26,119,24,51,195,20,17,38,14
Log_67,VM_49,H_1,45.23,25,Normal,52,37,175,51,215,71,27,212,143,251,117,143,34,144,200,248
Log_68,VM_40,H_18,14.26,19,Normal,98,51,220,230,209,139,82,47,21,122,247,126,176,51,78,128
Log_69,VM_28,H_7,29.47,43,Normal,65,63,7,213,24,193,242,200,200,204,197,93,206,178,180,14
Log_70,VM_13,H_18,79.96,46,Normal,177,198,121,74,103,37,167,193,114,239,38,201,107,16,134,117
Log_71,VM_26,H_19,16.97,65,Normal,231,38,195,34,50,46,35,63,94,216,104,12,145,148,111,64
Log_72,VM_16,H_8,45.45,8,Normal,227,241,7,243,47,84,42,243,180,244,84,154,18,22,114,49
Log_73,VM_25,H_12,69.45,28,Normal,178,42,98,103,115,50,105,111,196,243,168,71,138,79,230,238
Log_74,VM_10,H_11,31.05,7,Normal,215,252,212,179,150,48,165,46,71,6,65,221,76,61,214,156
Log_75,VM_29,H_9,28.25,5,Normal,37,124,228,83,160,28,113,78,22,105,130,100,247,220,172,7
Log_76,VM_46,H_4,72.36,98,Normal,85,116,28,1,232,112,250,177,236,64,107,19,179,212,36,71
Log_77,VM_38,H_7,99.28,1587,Hypervisor_Attack,26,174,122,226,133,187,44,171,82,252,145,119,64,24,26,134
Log_78,VM_20,H_17,55.6,58,Normal,171,105,156,222,43,106,35,146,5,152,158,8,211,201,164,154
Log_79,VM_54,H_11,61.82,86,Normal,12,40,127,65,241,84,224,23,244,43,105,97,59,8,129,246
Log_80,VM_26,H_2,65.2,44,Normal,55,157,21,237,202,246,234,80,99,12,70,15,224,44,64,138
Log_81,VM_32,H_18,79.63,15,Normal,69,147,98,235,190,100,104,217,249,139,189,93,219,218,41,82
Log_82,VM_39,H_12,66.22,46,Normal,196,185,132,104,154,27,25,218,115,48,233,148,0,245,91,239
Log_83,VM_38,H_9,55.99,97,Normal,249,57,78,182,80,25,211,152,76,160,216,71,68,5,22,243
Log_84,VM_59,H_11,72.68,8,Normal,157,205,53,86,10,158,133,10,76,254,11,245,193,52,98,246
Log_85,VM_49,H_5,96.02,1144,Hypervisor_Attack,35,144,27,219,149,101,6,14,223,138,23,254,194,29,197,249
Log_86,VM_53,H_7,78.12,40,Normal,65,60,77,40,81,50,171,94,254,12,89,235,139,81,8,240
Log_87,VM_24,H_1,64.35,68,Normal,212,47,48,52,183,39,106,23,225,199,107,244,254,32,22,76
Log_88,VM_31,H_5,23.64,48,Normal,53,52,48,205,77,79,176,101,121,187,102,89,89,192,159,120
Log_89,VM_40,H_6,59.69,44,Normal,206,243,148,145,221,59,121,140,151,29,129,82,110,107,110,24
Log_90,VM_12,H_13,15.26,96,Normal,49,13,133,75,83,86,157,29,165,57,93,40,93,56,249,163
Log_91,VM_58,H_11,32.26,49,Normal,63,240,97,15,87,77,89,71,13,30,65,111,67,192,54,211
Log_92,VM_57,H_8,18.11,12,Normal,122,205,167,152,251,24,130,68,101,117,25,39,37,165,195,6
Log_93,VM_36,H_20,76.5,89,Normal,221,157,119,146,230,34,231,160,160,77,37,137,184,27,205,99
Log_94,VM_10,H_2,33.71,39,Normal,37,143,123,148,91,254,96,5,168,126,14,107,130,42,46,98
Log_95,VM_6,H_15,59.93,48,Normal,13,193,156,131,153,114,139,1,144,34,9,111,213,232,170,20
Log_96,VM_7,H_10,49.99,22,Normal,14,162,111,125,84,84,212,187,171,223,246,4,230,200,116,145
Log_97,VM_53,H_8,17.53,51,Normal,148,71,235,243,225,73,50,168,248,23,231,151,247,223,247,224
Log_98,VM_31,H_2,90.46,841,Hypervisor_Attack,37,43,184,247,242,186,240,161,74,94,209,22,123,85,42,209
Log_99,VM_27,H_15,56.27,45,Normal,39,46,168,174,230,19,204,108,192,243,67,23,227,35,44,129
Log_100,VM_8,H_6,71.71,9,Normal,27,153,22,206,163,90,133,162,102,37,162,227,201,93,52,232
Log_101,VM_3,H_5,14.91,68,Normal,253,37,220,243,186,42,102,113,3,4,67,227,122,172,79,152
Log_102,VM_40,H_3,30.69,66,Normal,205,10,156,161,213,141,119,151,186,166,25,170,35,166,188,143
Log_103,VM_47,H_11,92.3,1437,Hypervisor_Attack,121,229,58,95,5,97,55,135,93,26,198,154,216,119,173,168
Log_104,VM_21,H_11,12.4,91,Normal,206,24,85,145,11,86,178,108,166,88,9,221,73,225,237,76
Log_105,VM_1,H_16,24.25,7,Normal,53,156,101,168,236,136,190,204,164,141,100,72,71,166,167,53
Log_106,VM_45,H_3,25.31,41,Normal,2,182,247,110,231,160,95,70,18,33,205,49,253,174,45,183
Log_107,VM_54,H_9,56.85,99,Normal,184,82,253,50,53,250,89,80,117,155,18,26,175,243,248,146
Log_108,VM_50,H_3,30.02,97,Normal,224,178,6,156,246,170,68,93,112,106,119,185,135,169,203,41
Log_109,VM_15,H_19,51.97,45,Normal,12,153,17,41,50,243,112,211,143,100,2,253,218,78,249,97
Log_110,VM_7,H_11,77.57,24,Normal,172,149,231,22,58,189,112,67,242,53,56,232,150,110,59,72
Log_111,VM_15,H_14,65.53,71,Normal,215,212,232,237,54,116,207,62,183,254,54,24,25,176,62,172
Log_112,VM_25,H_2,33.3,91,Normal,72,78,166,224,64,68,183,8,235,197,155,172,25,27,39,142
Log_113,VM_3,H_7,98.79,1193,Hypervisor_Attack,133,26,37,195,202,84,63,29,209,98,130,189,11,90,244,29
Log_114,VM_30,H_10,24.05,89,Normal,212,37,84,59,37,103,142,145,179,28,111,229,187,20,144,232
Log_115,VM_58,H_10,11.1,81,Normal,242,145,184,118,164,59,165,139,202,239,243,112,211,200,128,57
Log_116,VM_14,H_20,30.28,12,Normal,2,254,190,148,22,136,245,82,236,54,254,109,115,146,61,86
Log_117,VM_52,H_1,35.86,9,Normal,218,218,166,99,203,246,26,173,33,32,91,222,95,177,147,167
Log_118,VM_4,H_6,49.51,29,Normal,226,94,185,158,37,213,172,40,136,243,136,190,78,204,127,21
Log_119,VM_36,H_14,76.08,43,Normal,15,31,193,217,141,250,37,97,135,227,20,55,45,42,119,219
Log_120,VM_3,H_2,76.35,41,Normal,45,235,47,197,83,30,160,171,70,7,200,129,144,51,44,36
Log_121,VM_5,H_6,14.91,9,Normal,169,43,208,116,37,98,123,238,230,221,5,67,178,100,162,185
Log_122,VM_25,H_1,53.03,12,Normal,184,200,133,12,186,213,219,29,243,99,1,57,35,71,172,233
Log_123,VM_31,H_3,12.96,8,Normal,241,136,125,192,76,49,206,31,97,42,124,94,77,53,46,13
Log_124,VM_11,H_4,55.37,45,Normal,175,54,156,174,62,18,90,136,100,36,106,91,51,184,215,27
Log_125,VM_8,H_13,18.24,64,Normal,35,115,63,17,88,162,195,77,166,89,7,215,207,211,14,6
Log_126,VM_26,H_3,76.25,58,Normal,249,16,85,213,117,63,11,209,55,173,174,206,100,15,196,1
Log_127,VM_2,H_15,70.5,26,Normal,127,243,91,248,104,181,154,30,168,163,46,42,64,49,220,0
Log_128,VM_28,H_13,91.11,1735,Hypervisor_Attack,199,184,143,121,27,85,81,21,40,75,146,88,177,58,68,250
Log_129,VM_48,H_11,64.75,23,Normal,161,166,122,73,238,248,6,251,100,110,179,187,51,206,233,23
Log_130,VM_57,H_4,54.51,81,Normal,25,124,217,237,89,121,9,16,244,205,1,111,204,26,200,70
Log_131,VM_60,H_17,44.68,72,Normal,175,201,247,117,8,85,22,198,239,72,26,215,92,80,83,198
Log_132,VM_10,H_5,52.18,37,Normal,42,231,6,91,82,190,83,43,166,39,134,197,24,232,58,140
Log_133,VM_50,H_8,57.48,26,Normal,102,231,85,240,208,111,85,97,61,7,112,172,145,215,59,245
Log_134,VM_39,H_10,71.91,69,Normal,59,105,1,193,90,13,47,102,244,244,55,11,223,219,54,155
Log_135,VM_37,H_7,63.72,15,Normal,109,216,3,217,35,177,130,0,16,198,61,47,61,68,146,102
Log_136,VM_39,H_17,50.28,20,Normal,109,161,226,176,207,231,241,174,230,90,232,229,113,177,88,153
Log_137,VM_21,H_7,67.72,72,Normal,55,77,13,205,24,227,131,238,206,31,81,77,249,192,105,188
Log_138,VM_28,H_19,79.08,97,Normal,19,73,9,122,215,33,188,219,154,39,192,126,32,195,70,136
Log_139,VM_38,H_9,31.01,48,Normal,143,132,97,123,150,42,113,88,184,178,12,127,151,138,51,242
Log_140,VM_56,H_2,18.29,92,Normal,16,164,12,189,218,83,96,105,95,7,55,220,103,82,197,43
Log_141,VM_33,H_20,61.2,13,Normal,187,102,111,168,148,248,213,41,201,201,243,156,207,192,144,29
Log_142,VM_11,H_19,78.5,76,Normal,25,180,124,237,18,52,84,16,173,103,212,180,104,103,191,172
Log_143,VM_45,H_6,18.17,82,Normal,176,146,123,198,80,192,36,120,69,153,129,58,223,248,239,117
Log_144,VM_44,H_10,40.22,83,Normal,132,36,30,203,98,93,175,5,14,142,188,15,19,76,43,169
Log_145,VM_1,H_13,14.36,66,Normal,45,94,161,63,156,130,8,202,202,152,213,41,249,173,72,83
Log_146,VM_53,H_2,64.36,90,Normal,58,20,201,149,156,62,72,60,63,68,167,202,128,244,105,64
Log_147,VM_47,H_10,76.41,19,Normal,121,61,181,102,59,45,4,112,149,217,180,69,159,239,10,137
Log_148,VM_33,H_10,44.93,10,Normal,238,166,246,97,30,11,242,107,79,165,66,193,51,132,138,249
Log_149,VM_3,H_5,96.83,872,Hypervisor_Attack,24,34,162,21,164,213,182,202,95,226,222,236,116,199,191,19
Log_150,VM_26,H_4,73.54,24,Normal,105,225,3,17,50,195,19,121,136,79,153,101,24,195,168,58
Log_151,VM_15,H_2,19.34,40,Normal,44,40,37,116,18,13,126,148,142,2,36,116,241,173,15,141
Log_152,VM_41,H_7,72.41,6,Normal,8,238,6,141,133,212,14,179,71,161,103,128,95,121,240,114
Log_153,VM_14,H_18,37.45,74,Normal,196,221,213,147,79,6,134,49,241,129,46,13,30,49,188,40
Log_154,VM_23,H_17,49.16,6,Normal,13,132,202,231,4,191,156,202,4,112,117,95,35,78,18,191
Log_155,VM_60,H_11,46.98,7,Normal,21,161,55,16,203,216,183,16,201,219,254,248,209,242,145,172
Log_156,VM_54,H_18,53.12,11,Normal,223,77,55,79,49,57,17,207,254,208,134,75,225,9,68,84
Log_157,VM_56,H_8,75.95,88,Normal,130,82,108,43,226,197,141,131,236,242,17,92,226,179,37,207
Log_158,VM_8,H_12,76.58,68,Normal,147,215,226,171,50,18,119,67,224,65,140,189,249,188,236,157
Log_159,VM_54,H_1,68.18,45,Normal,97,157,178,245,87,175,235,32,104,240,73,81,18,70,56,146
Log_160,VM_36,H_20,23.41,58,Normal,215,78,168,41,214,179,115,3,229,3,4,40,107,86,103,116
Log_161,VM_20,H_12,33.35,45,Normal,100,188,74,182,74,12,141,187,199,24,254,253,209,114,171,235
Log_162,VM_52,H_6,44.15,9,Normal,81,9,198,251,49,171,141,14,15,1,157,29,81,30,235,239
Log_163,VM_6,H_3,73.38,93,Normal,76,147,176,113,34,22,105,96,229,226,114,99,188,211,54,194
Log_164,VM_33,H_5,46.46,86,Normal,7,167,58,127,31,92,6,1,84,133,219,239,105,35,159,44
Log_165,VM_28,H_14,78.42,67,Normal,41,52,109,8,202,86,113,74,176,129,194,10,49,250,162,121
Log_166,VM_50,H_12,78.87,5,Normal,142,234,74,30,91,189,155,223,152,211,91,152,74,210,91,128
Log_167,VM_38,H_13,51.9,29,Normal,186,196,201,41,109,161,227,193,17,76,242,132,19,193,126,74
Log_168,VM_30,H_13,71.42,85,Normal,61,221,223,31,185,177,253,165,182,27,73,213,246,80,21,170
Log_169,VM_46,H_17,79.95,50,Normal,210,208,215,163,95,121,247,249,237,122,51,163,155,77,185,163
Log_170,VM_43,H_15,94.64,751,Hypervisor_Attack,69,253,136,20,63,75,60,249,221,94,39,183,3,30,154,185
Log_171,VM_17,H_6,55.98,73,Normal,248,152,68,69,4,114,90,7,8,14,227,248,104,6,223,71
Log_172,VM_9,H_12,69.16,21,Normal,238,114,14,164,82,38,133,250,210,56,91,80,233,146,126,190
Log_173,VM_28,H_2,15.79,25,Normal,158,74,78,9,106,86,66,61,130,145,152,106,147,185,92,85
Log_174,VM_54,H_4,54.44,57,Normal,177,120,78,230,9,148,246,253,243,28,95,9,12,46,150,49
Log_175,VM_7,H_20,25.16,59,Normal,214,222,131,115,112,251,194,84,52,129,67,192,78,56,96,197
Log_176,VM_46,H_12,18.12,91,Normal,134,146,171,62,64,38,210,108,25,171,11,149,76,219,141,85
Log_177,VM_28,H_3,72.5,14,Normal,29,171,211,235,218,165,186,169,51,62,188,119,104,161,38,40
Log_178,VM_17,H_17,54.78,85,Normal,120,107,164,64,117,78,159,7,96,17,172,220,95,32,4,209
Log_179,VM_40,H_6,27.05,61,Normal,239,126,249,73,125,163,224,150,167,4,33,23,144,94,70,208
Log_180,VM_60,H_17,37.07,69,Normal,91,229,124,21,14,100,14,241,241,152,52,148,246,101,193,218
Log_181,VM_48,H_17,78.13,41,Normal,112,31,20,195,171,82,193,217,225,13,14,147,33,163,82,8
Log_182,VM_44,H_11,70.35,11,Normal,198,157,76,218,190,235,162,140,206,173,183,8,236,214,245,35
Log_183,VM_44,H_7,11.09,80,Normal,116,231,2,225,18,155,22,103,240,236,134,104,203,252,141,45
Log_184,VM_60,H_2,78.59,44,Normal,142,194,14,50,215,243,109,7,68,189,178,62,67,205,143,211
Log_185,VM_60,H_19,35.8,54,Normal,151,5,118,56,30,5,226,206,156,66,202,130,155,73,113,96
Log_186,VM_5,H_2,58.68,5,Normal,175,79,122,137,32,227,194,196,139,184,43,12,151,171,56,95
Log_187,VM_5,H_13,59.89,24,Normal,143,223,108,228,119,99,148,110,203,50,20,59,178,20,106,125
Log_188,VM_14,H_16,73.82,35,Normal,244,133,72,192,75,185,77,133,64,85,33,55,74,2,169,189
Log_189,VM_6,H_17,71.95,72,Normal,5,5,190,147,148,1,217,222,89,55,95,9,86,249,69,150
Log_190,VM_7,H_11,29.72,94,Normal,219,112,29,127,77,164,54,223,48,33,104,171,242,21,30,134
Log_191,VM_55,H_9,55.05,16,Normal,104,148,15,19,42,171,46,113,18,47,223,206,196,138,206,156
Log_192,VM_53,H_9,37.56,26,Normal,241,44,195,240,163,175,86,14,109,171,194,95,201,167,101,85
Log_193,VM_17,H_14,46.79,5,Normal,141,190,80,212,50,111,206,185,14,64,87,182,246,75,9,237
Log_194,VM_59,H_13,48.83,5,Normal,233,41,243,252,94,10,117,143,124,200,238,77,146,158,200,227
Log_195,VM_9,H_11,37.74,7,Normal,180,230,245,89,7,151,135,210,110,175,157,57,85,54,200,121
Log_196,VM_31,H_12,42.47,80,Normal,249,189,107,254,47,131,164,135,128,219,197,46,227,244,202,4
Log_197,VM_22,H_3,24.58,25,Normal,177,23,174,17,83,155,204,4,29,0,85,81,173,68,30,197
Log_198,VM_45,H_1,52.54,17,Normal,90,183,216,92,126,155,15,53,180,139,19,81,161,246,180,191
Log_199,VM_9,H_8,63.13,65,Normal,150,108,154,112,16,175,148,177,167,125,222,2,16,188,49,121
Log_200,VM_59,H_19,40.08,17,Normal,89,86,5,155,199,54,253,185,172,199,146,101,28,150,110,159
Log_201,VM_16,H_13,78.44,86,Normal,9,90,176,192,230,28,186,44,194,50,238,100,222,127,10,213
Log_202,VM_36,H_7,95.94,1256,Hypervisor_Attack,81,127,226,5,66,61,132,136,27,210,219,218,204,252,37,42
Log_203,VM_34,H_13,51.24,10,Normal,116,148,218,189,45,197,165,48,202,238,232,244,208,247,38,70
Log_204,VM_45,H_6,50.85,29,Normal,126,157,148,0,216,159,250,248,135,68,29,114,7,112,18,235
Log_205,VM_13,H_3,12.54,27,Normal,58,182,157,78,35,54,43,154,76,77,100,181,175,29,38,238
Log_206,VM_19,H_6,25.72,92,Normal,12,121,143,171,198,111,246,246,154,44,252,118,34,206,155,226
Log_207,VM_12,H_3,73.39,30,Normal,6,189,241,109,113,50,45,19,95,37,188,103,31,153,57,166
Log_208,VM_36,H_13,48.12,8,Normal,147,81,49,206,51,85,114,149,52,212,65,231,116,42,81,150
Log_209,VM_10,H_13,40.55,39,Normal,204,63,254,232,136,112,134,168,53,64,1,131,77,31,99,129
Log_210,VM_16,H_13,39.08,79,Normal,103,241,242,191,141,147,88,233,48,135,219,190,173,148,86,159
Log_211,VM_28,H_1,72.17,29,Normal,7,222,100,15,39,105,26,103,104,145,34,112,51,142,190,52
Log_212,VM_56,H_8,35.69,24,Normal,90,80,103,65,112,241,30,60,191,100,104,232,97,33,242,182
Log_213,VM_19,H_5,70.14,5,Normal,58,2,16,77,205,45,165,34,128,253,111,156,131,60,96,144
Log_214,VM_40,H_20,31.64,98,Normal,155,177,89,135,161,58,17,94,186,154,15,249,9,103,75,149
Log_215,VM_6,H_17,47.21,72,Normal,15,11,74,211,178,128,26,194,11,29,8,52,188,53,164,192
Log_216,VM_4,H_9,20.07,27,Normal,169,48,3,191,78,178,90,199,251,187,214,78,218,158,102,110
Log_217,VM_30,H_13,67.75,26,Normal,199,221,57,246,233,81,131,238,234,21,130,78,98,174,37,160
Log_218,VM_39,H_13,61.52,99,Normal,205,175,192,116,240,25,135,49,207,37,137,41,36,153,219,139
Log_219,VM_31,H_5,47.11,66,Normal,211,48,141,45,162,28,11,115,81,43,193,1,186,16,137,17
Log_220,VM_46,H_14,11.81,5,Normal,21,82,57,52,0,215,60,227,216,227,253,158,30,254,65,146
Log_221,VM_27,H_11,43.69,63,Normal,52,203,201,94,236,252,253,149,22,243,214,142,153,130,86,147
Log_222,VM_45,H_14,25.76,72,Normal,124,108,39,120,38,119,199,17,168,197,154,227,142,36,185,4
Log_223,VM_21,H_7,38.94,23,Normal,230,253,72,134,40,211,9,189,153,67,229,23,77,168,192,144
Log_224,VM_37,H_17,69.95,34,Normal,108,23,154,6,72,106,98,121,11,84,2,78,84,9,32,45
Log_225,VM_9,H_4,63.87,5,Normal,58,51,5,129,28,118,167,96,188,195,250,67,156,228,189,59
Log_226,VM_35,H_10,26.94,52,Normal,123,83,40,214,236,209,112,216,64,245,191,78,62,225,175,147
Log_227,VM_42,H_10,91.93,1110,Hypervisor_Attack,117,36,63,218,85,242,132,33,38,66,208,61,87,151,130,108
Log_228,VM_47,H_15,73.22,56,Normal,198,88,247,66,78,220,177,28,73,31,86,38,136,100,243,231
Log_229,VM_52,H_20,47.01,89,Normal,141,67,191,147,27,13,171,225,76,222,224,115,166,27,191,88
Log_230,VM_21,H_12,47.11,26,Normal,31,136,155,249,94,16,116,214,76,54,9,79,133,175,202,249
Log_231,VM_17,H_9,73.09,54,Normal,115,194,219,252,168,78,59,204,41,115,247,108,208,70,155,101
Log_232,VM_55,H_3,54.53,70,Normal,12,251,208,14,35,219,14,237,116,74,55,94,131,226,225,51
Log_233,VM_24,H_15,96.62,1850,Hypervisor_Attack,218,137,221,172,83,28,249,52,156,150,184,177,20,111,170,137
Log_234,VM_31,H_12,62.44,68,Normal,232,75,29,124,50,160,145,77,21,63,20,128,240,106,115,123
Log_235,VM_6,H_15,92.9,702,Hypervisor_Attack,142,35,46,181,213,31,185,173,53,160,249,232,250,166,22,170
Log_236,VM_57,H_1,71.49,23,Normal,182,1,193,165,246,242,156,243,109,123,66,230,70,163,28,118
Log_237,VM_35,H_15,47.2,95,Normal,164,112,249,227,214,44,15,239,30,161,49,192,209,121,189,231
Log_238,VM_50,H_11,52.24,41,Normal,170,183,247,14,175,48,208,171,9,19,69,7,172,33,252,223
Log_239,VM_37,H_5,16.3,67,Normal,178,245,233,3,107,241,166,211,23,215,54,25,24,35,70,201
Log_240,VM_13,H_7,31.67,33,Normal,185,238,11,128,115,177,152,207,132,82,195,5,25,112,102,119
Log_241,VM_25,H_12,39.87,64,Normal,182,166,8,44,243,13,111,54,136,14,36,177,126,116,83,71
Log_242,VM_32,H_20,38.97,96,Normal,95,110,148,184,104,146,220,57,94,117,5,3,42,92,41,2
Log_243,VM_59,H_6,64.48,38,Normal,128,235,182,14,46,84,173,57,222,198,208,247,210,38,251,130
Log_244,VM_1,H_3,29.76,5,Normal,157,34,249,184,156,177,189,51,117,13,162,155,185,29,89,134
Log_245,VM_49,H_10,22.75,52,Normal,166,94,68,162,241,238,126,51,141,62,252,35,90,151,167,156
Log_246,VM_58,H_4,50.78,93,Normal,52,108,149,71,14,112,68,115,191,3,74,145,41,240,29,142
Log_247,VM_35,H_13,53.05,25,Normal,69,182,180,15,110,103,200,106,122,161,26,12,227,154,72,196
Log_248,VM_58,H_19,18.51,38,Normal,242,85,30,2,29,148,98,133,219,159,169,228,189,216,159,98
Log_249,VM_19,H_5,10.17,30,Normal,85,215,166,63,117,157,190,113,223,158,86,39,160,190,24,163
Log_250,VM_53,H_18,74.24,40,Normal,151,94,185,166,45,204,137,214,209,31,96,163,155,143,15,17
Log_251,VM_52,H_1,15.57,27,Normal,135,233,207,246,247,74,197,0,189,124,252,203,248,37,219,44
Log_252,VM_54,H_16,72.85,85,Normal,185,80,128,31,135,117,39,183,190,234,237,215,73,110,102,102
Log_253,VM_12,H_16,88.31,1932,Hypervisor_Attack,73,163,216,251,113,122,56,73,82,237,172,78,207,129,92,195
Log_254,VM_40,H_16,55.71,80,Normal,244,49,28,222,80,9,154,116,232,142,59,235,158,148,59,250
Log_255,VM_40,H_19,22.99,48,Normal,57,168,173,44,123,25,101,50,163,51,208,50,130,252,13,176
Log_256,VM_47,H_16,67.67,24,Normal,204,232,218,0,184,144,239,177,225,13,245,246,186,80,2,97
Log_257,VM_43,H_1,93.97,808,Hypervisor_Attack,39,88,124,193,161,217,94,8,93,83,20,220,250,24,101,121
Log_258,VM_20,H_20,37.06,65,Normal,171,24,136,102,189,235,153,56,36,15,36,75,151,25,19,136
Log_259,VM_33,H_20,26.66,41,Normal,214,102,28,30,18,147,214,234,26,93,84,43,162,112,198,149
Log_260,VM_29,H_10,98.11,926,Hypervisor_Attack,73,254,86,142,93,97,140,251,131,209,55,150,96,97,33,99
Log_261,VM_16,H_2,99.24,1239,Hypervisor_Attack,226,144,155,13,161,111,74,184,204,96,120,54,193,225,116,92
Log_262,VM_14,H_14,85.49,1030,Hypervisor_Attack,36,195,203,25,249,188,219,66,83,201,179,17,180,190,180,244
Log_263,VM_7,H_8,31.52,96,Normal,26,30,218,105,128,5,10,161,230,211,190,180,212,212,17,20
Log_264,VM_6,H_6,64.15,66,Normal,18,3,76,209,115,156,24,183,76,253,190,154,187,210,48,64
Log_265,VM_21,H_3,71.5,70,Normal,165,82,179,0,167,80,20,85,14,49,230,47,230,159,48,195
Log_266,VM_36,H_16,53.68,28,Normal,107,44,31,131,244,192,96,198,200,192,79,145,53,126,174,133
Log_267,VM_22,H_17,74.92,84,Normal,65,136,195,108,22,245,106,236,170,50,71,102,152,79,162,144
Log_268,VM_40,H_12,36.81,16,Normal,17,251,154,142,251,80,106,68,79,142,41,237,33,47,210,135
Log_269,VM_54,H_19,20.63,20,Normal,238,137,253,4,115,175,116,153,213,107,22,61,12,136,240,19
Log_270,VM_19,H_20,22.58,40,Normal,91,107,184,228,151,107,32,147,187,175,63,29,107,72,108,240
Log_271,VM_25,H_3,56.89,6,Normal,144,99,13,18,70,58,194,96,43,159,110,10,105,1,217,124
Log_272,VM_3,H_13,38.53,93,Normal,195,144,208,219,93,167,214,173,215,92,3,165,62,28,18,90
Log_273,VM_36,H_16,20.94,66,Normal,28,247,227,162,115,69,122,22,230,45,254,171,175,179,7,182
Log_274,VM_45,H_11,30.46,68,Normal,65,204,167,248,212,158,243,175,99,60,111,51,165,218,35,111
Log_275,VM_53,H_20,47.14,33,Normal,86,182,84,12,164,46,89,231,198,237,230,21,166,214,57,29
Log_276,VM_59,H_16,18.5,96,Normal,145,253,105,145,237,73,166,93,153,70,6,196,64,45,17,140
Log_277,VM_34,H_20,89.9,1441,Hypervisor_Attack,152,231,7,73,159,144,101,78,78,120,175,62,39,242,83,14
Log_278,VM_11,H_2,74.21,91,Normal,98,133,221,120,62,135,222,127,111,110,31,44,121,179,206,81
Log_279,VM_48,H_4,31.34,35,Normal,12,23,167,13,219,202,69,61,119,88,188,0,216,193,125,31
Log_280,VM_42,H_4,25.5,87,Normal,140,160,31,55,151,90,3,215,22,28,97,148,29,89,147,143
Log_281,VM_47,H_17,58.89,19,Normal,66,176,100,57,231,171,24,22,235,186,128,96,142,127,80,225
Log_282,VM_27,H_1,69.74,59,Normal,208,179,185,168,171,3,204,195,134,45,250,8,214,160,32,83
Log_283,VM_42,H_1,54.26,37,Normal,131,64,245,105,33,218,84,87,206,226,191,152,54,136,16,148
Log_284,VM_2,H_5,27.81,85,Normal,187,140,130,195,3,234,219,6,25,202,23,234,9,228,12,124
Log_285,VM_6,H_12,70.31,56,Normal,171,233,38,146,178,18,75,51,213,174,228,119,157,45,203,220
Log_286,VM_46,H_6,45.73,24,Normal,148,74,123,228,47,61,57,17,107,186,218,228,47,62,11,214
Log_287,VM_2,H_6,36.68,77,Normal,33,253,188,101,86,180,24,189,131,221,221,140,169,254,48,77
Log_288,VM_42,H_17,52.33,42,Normal,183,174,135,54,215,17,34,216,208,159,247,151,6,12,125,218
Log_289,VM_17,H_13,59.04,7,Normal,111,68,99,89,41,108,158,201,109,25,213,75,31,90,224,124
Log_290,VM_40,H_8,51.57,58,Normal,244,125,51,147,102,104,167,186,204,13,171,103,116,213,209,47
Log_291,VM_58,H_12,74.42,70,Normal,92,170,143,109,162,52,161,2,67,245,132,137,51,156,95,30
Log_292,VM_48,H_15,53.96,22,Normal,65,203,90,68,164,154,86,32,67,186,191,212,87,171,94,107
Log_293,VM_14,H_19,71.5,91,Normal,239,215,176,52,73,48,112,113,193,94,190,24,131,178,138,144
Log_294,VM_10,H_20,51.09,87,Normal,107,193,197,200,68,83,156,84,200,219,252,118,71,222,19,26
Log_295,VM_45,H_17,33.08,11,Normal,7,245,84,60,155,214,197,2,196,200,6,187,3,230,132,138
Log_296,VM_33,H_9,86.49,1584,Hypervisor_Attack,124,14,191,225,12,117,239,6,103,5,183,63,230,177,29,21
Log_297,VM_42,H_18,16.04,88,Normal,152,155,117,83,166,194,132,192,142,89,194,167,120,232,238,105
Log_298,VM_54,H_2,26.11,88,Normal,225,243,68,94,242,76,170,0,149,61,206,153,17,47,136,0
Log_299,VM_12,H_11,63.64,87,Normal,234,136,150,106,172,249,129,141,37,39,190,81,15,126,116,92
Log_300,VM_32,H_20,56.3,84,Normal,235,202,133,2,13,251,65,223,94,202,85,194,113,158,160,253
Log_301,VM_49,H_17,21.66,89,Normal,215,128,171,14,36,154,229,175,26,235,11,66,29,95,214,193
Log_302,VM_24,H_18,40.66,97,Normal,134,33,31,116,38,95,170,170,205,130,173,159,42,227,80,239
Log_303,VM_14,H_15,19.94,64,Normal,2,248,73,116,62,110,39,17,66,102,189,137,179,200,45,54
Log_304,VM_5,H_7,69.91,28,Normal,173,74,187,96,227,25,154,165,21,25,213,196,162,193,226,72
Log_305,VM_51,H_16,17.64,97,Normal,114,50,112,145,170,11,2,209,119,229,134,224,133,81,44,126
Log_306,VM_5,H_1,55.8,99,Normal,85,114,166,178,8,226,150,11,115,87,61,241,103,72,76,39
Log_307,VM_47,H_18,52.49,43,Normal,181,233,208,134,16,118,125,177,23,1,226,252,91,210,160,148
Log_308,VM_32,H_8,43.09,16,Normal,116,201,52,45,44,8,229,5,50,244,233,118,34,81,180,146
Log_309,VM_45,H_7,29.48,98,Normal,196,24,138,201,16,35,217,222,95,20,17,187,145,0,141,135
Log_310,VM_49,H_2,38.28,57,Normal,193,50,78,187,161,35,61,128,242,84,41,0,223,211,53,174
Log_311,VM_33,H_12,66.45,68,Normal,99,38,157,6,149,120,177,44,73,119,71,218,137,141,45,122
Log_312,VM_60,H_16,63.31,8,Normal,243,117,74,5,20,189,224,146,102,87,209,98,243,61,106,228
Log_313,VM_46,H_9,61.72,98,Normal,82,180,151,55,189,161,21,67,184,9,65,7,224,122,37,234
Log_314,VM_4,H_20,62.49,9,Normal,122,61,155,137,44,64,225,66,136,132,105,137,139,81,57,148
Log_315,VM_57,H_11,20.07,20,Normal,148,192,130,68,88,249,63,176,71,16,72,159,69,112,231,20
Log_316,VM_30,H_15,16.94,31,Normal,134,6,110,230,245,26,7,200,27,206,193,198,46,209,85,241
Log_317,VM_41,H_3,70.3,8,Normal,9,245,113,32,134,130,13,171,45,60,163,12,15,207,245,132
Log_318,VM_17,H_13,68.6,76,Normal,243,216,37,229,177,37,102,55,62,253,119,47,104,217,58,76
Log_319,VM_3,H_13,57.69,52,Normal,171,242,217,126,54,54,128,135,126,131,84,253,213,114,180,57
Log_320,VM_13,H_2,90.45,1289,Hypervisor_Attack,36,48,66,18,128,28,86,32,118,179,168,150,132,70,184,249
Log_321,VM_44,H_6,35.68,85,Normal,133,176,21,240,76,203,3,253,71,191,164,158,164,127,44,217
Log_322,VM_48,H_6,25.69,50,Normal,234,135,167,224,236,92,4,155,244,103,80,246,86,236,136,129
Log_323,VM_36,H_12,56.74,48,Normal,62,223,50,115,112,30,6,157,185,2,50,242,55,72,9,60
Log_324,VM_18,H_4,73.91,71,Normal,237,49,121,174,217,0,221,184,37,189,78,88,197,81,192,189
Log_325,VM_23,H_5,40.59,95,Normal,183,66,16,126,111,135,59,240,39,208,88,189,40,139,220,216
Log_326,VM_35,H_8,31.22,56,Normal,114,99,116,181,88,92,138,59,67,77,45,37,188,16,65,199
Log_327,VM_49,H_6,88.93,1950,Hypervisor_Attack,35,73,6,227,15,13,79,24,104,3,156,126,55,5,128,254
Log_328,VM_33,H_3,11.66,66,Normal,166,128,114,231,190,56,194,64,64,102,20,236,157,223,32,175
Log_329,VM_51,H_8,46.42,25,Normal,21,221,181,109,3,214,182,171,216,139,208,244,206,73,226,118
Log_330,VM_54,H_19,79.18,28,Normal,243,179,92,203,64,64,9,145,46,65,48,199,21,85,25,217
Log_331,VM_36,H_11,67.07,48,Normal,136,148,94,243,190,106,133,247,13,160,70,151,200,74,119,214
Log_332,VM_17,H_18,72.82,45,Normal,111,50,129,142,162,35,243,117,219,166,235,3,191,201,5,184
Log_333,VM_39,H_10,53.48,33,Normal,157,245,109,98,240,234,201,121,252,116,95,233,233,66,119,217
Log_334,VM_34,H_20,43.7,10,Normal,14,16,218,17,114,146,75,87,196,151,90,47,157,14,174,122
Log_335,VM_12,H_12,79.33,60,Normal,229,126,171,97,154,83,191,40,95,67,4,52,121,135,21,105
Log_336,VM_5,H_20,41.3,18,Normal,6,149,45,29,125,100,143,78,132,66,22,188,73,4,150,206
Log_337,VM_48,H_8,74.18,54,Normal,81,24,7,222,148,1,21,71,86,223,71,67,63,93,18,127
Log_338,VM_40,H_19,63.33,82,Normal,86,81,253,180,220,86,96,51,174,81,181,171,96,134,114,91
Log_339,VM_55,H_16,33.17,56,Normal,0,62,247,230,225,166,18,30,76,120,23,68,214,210,192,160
Log_340,VM_27,H_18,45.21,92,Normal,254,58,113,247,160,159,186,219,100,168,11,200,241,118,138,96
Log_341,VM_60,H_9,36.9,81,Normal,146,181,56,41,97,198,30,179,1,210,165,31,137,104,135,217
Log_342,VM_40,H_4,19.54,5,Normal,221,74,104,147,251,147,126,8,199,251,14,225,215,96,104,232
Log_343,VM_13,H_9,93.71,1706,Hypervisor_Attack,236,62,231,218,20,4,124,162,84,195,112,175,79,248,222,217
Log_344,VM_26,H_2,72.23,28,Normal,189,115,162,197,96,20,79,238,38,161,233,120,123,142,5,193
Log_345,VM_14,H_9,62.68,41,Normal,215,55,48,91,128,64,27,99,147,175,71,64,217,50,170,48
Log_346,VM_32,H_9,29.43,88,Normal,152,73,203,168,198,191,188,11,238,103,80,196,126,13,33,47
Log_347,VM_11,H_18,35.75,74,Normal,60,208,34,118,64,58,241,241,35,206,251,146,242,41,68,146
Log_348,VM_38,H_11,53.15,80,Normal,106,38,68,179,11,82,174,203,35,125,62,75,81,240,50,239
Log_349,VM_16,H_13,39.13,89,Normal,42,33,239,96,48,145,124,188,56,92,108,4,216,23,220,191
Log_350,VM_55,H_6,45.21,7,Normal,58,37,160,9,164,251,224,214,249,125,10,23,87,198,113,20
Log_351,VM_57,H_9,58.87,31,Normal,147,244,9,216,174,227,239,174,142,171,231,231,241,189,133,228
Log_352,VM_22,H_16,42.71,57,Normal,65,203,121,131,22,12,208,158,15,40,217,219,0,110,11,228
Log_353,VM_57,H_4,23.37,21,Normal,118,183,177,19,193,35,78,165,149,107,188,177,95,58,19,163
Log_354,VM_47,H_2,46.44,19,Normal,125,96,142,61,241,237,130,92,238,90,132,122,183,158,85,162
Log_355,VM_16,H_7,34.93,43,Normal,117,198,197,25,117,0,210,6,163,75,211,86,152,93,186,60
Log_356,VM_13,H_15,30.35,8,Normal,28,94,17,40,146,245,131,192,40,122,142,181,191,199,142,206
Log_357,VM_12,H_6,32.97,21,Normal,177,230,21,145,79,129,35,19,143,66,119,157,54,65,226,25
Log_358,VM_18,H_11,40.73,15,Normal,184,252,196,129,242,55,211,189,33,225,245,55,54,19,49,152
Log_359,VM_29,H_20,72.06,16,Normal,83,152,52,141,187,110,235,170,234,189,230,203,111,68,190,1
Log_360,VM_18,H_17,61.38,36,Normal,181,15,182,93,238,170,188,165,44,125,178,169,23,114,157,164
Log_361,VM_46,H_4,56.75,31,Normal,248,122,180,190,230,138,77,150,116,79,49,84,182,182,3,224
Log_362,VM_2,H_19,42.99,48,Normal,181,60,110,77,82,250,132,99,222,236,145,171,30,118,93,148
Log_363,VM_54,H_7,10.13,47,Normal,174,29,54,104,195,196,40,172,73,218,207,157,76,227,84,172
Log_364,VM_2,H_11,33.84,95,Normal,244,103,254,172,78,211,83,172,182,186,132,245,245,123,31,5
Log_365,VM_3,H_13,66.92,53,Normal,93,25,36,12,92,196,24,140,215,222,19,246,71,187,200,148
Log_366,VM_29,H_3,37.17,97,Normal,114,126,188,211,206,25,53,169,138,164,232,124,10,26,93,82
Log_367,VM_56,H_14,49.47,77,Normal,33,37,188,86,180,64,130,194,155,141,51,29,185,181,196,112
Log_368,VM_8,H_2,24.33,47,Normal,142,165,205,141,184,186,240,7,71,146,31,94,156,40,74,44
Log_369,VM_11,H_18,74.11,7,Normal,12,154,247,18,153,52,178,164,239,136,254,219,223,179,181,2
Log_370,VM_12,H_5,74.62,33,Normal,242,95,196,135,13,119,130,151,12,170,156,71,178,169,158,252
Log_371,VM_32,H_13,20.22,89,Normal,190,153,145,249,81,56,6,111,229,47,79,118,119,59,32,247
Log_372,VM_4,H_13,60.69,39,Normal,114,127,2,229,3,99,3,41,8,231,50,144,144,96,19,141
Log_373,VM_9,H_14,15.27,52,Normal,21,179,26,42,130,215,93,7,85,88,251,137,112,156,167,245
Log_374,VM_24,H_12,51.9,78,Normal,192,243,20,230,151,200,187,235,245,153,8,147,183,226,35,233
Log_375,VM_49,H_13,93.01,586,Hypervisor_Attack,35,245,254,72,149,0,68,200,36,229,210,71,233,106,95,140
Log_376,VM_56,H_18,20.2,43,Normal,83,227,42,235,36,221,201,222,24,220,215,230,148,168,72,169
Log_377,VM_16,H_13,10.29,93,Normal,41,1,195,135,95,60,13,112,76,254,20,151,177,209,172,191
Log_378,VM_17,H_4,75.86,28,Normal,63,231,153,159,235,56,118,247,180,160,51,94,145,162,139,178
Log_379,VM_47,H_10,68.05,24,Normal,88,236,222,9,238,51,33,114,194,237,166,135,124,223,234,156
Log_380,VM_52,H_5,15.42,19,Normal,149,211,197,188,42,176,28,105,119,80,30,180,161,127,254,37
Log_381,VM_58,H_18,51.96,89,Normal,184,100,131,253,129,11,34,197,247,109,71,148,244,249,109,60
Log_382,VM_22,H_8,26.3,80,Normal,162,47,142,70,142,236,133,238,208,67,21,31,122,21,154,109
Log_383,VM_7,H_14,28.48,22,Normal,14,123,43,114,213,219,233,229,251,248,8,33,227,72,142,189
Log_384,VM_10,H_2,71.19,64,Normal,44,211,71,57,219,114,18,248,15,74,105,135,160,73,253,17
Log_385,VM_29,H_8,18.0,91,Normal,162,253,42,49,2,231,218,58,27,45,63,69,46,141,134,201
Log_386,VM_36,H_16,52.1,97,Normal,206,158,220,105,245,80,250,50,28,112,235,142,127,89,203,24
Log_387,VM_24,H_7,38.09,45,Normal,188,40,68,3,235,239,104,184,30,130,116,194,89,177,144,187
Log_388,VM_56,H_3,23.36,73,Normal,201,65,87,202,23,98,214,159,214,225,104,18,65,59,114,193
Log_389,VM_46,H_4,41.63,94,Normal,14,247,84,162,196,234,154,87,6,5,237,124,32,57,176,144
Log_390,VM_14,H_7,93.73,870,Hypervisor_Attack,109,41,93,199,167,173,198,197,195,128,78,94,216,110,96,179
Log_391,VM_14,H_4,64.71,15,Normal,162,118,68,132,227,144,180,51,141,121,28,135,225,103,0,28
Log_392,VM_25,H_9,19.25,60,Normal,163,178,164,220,68,52,223,123,179,87,82,11,51,128,134,144
Log_393,VM_46,H_17,91.22,1098,Hypervisor_Attack,126,225,170,70,16,186,2,28,21,165,53,106,220,241,177,245
Log_394,VM_22,H_17,75.62,16,Normal,233,68,157,150,246,212,119,217,245,46,148,19,150,195,148,20
Log_395,VM_52,H_20,29.39,20,Normal,0,142,16,50,190,13,58,82,49,123,33,5,108,48,5,116
Log_396,VM_50,H_14,33.34,31,Normal,117,196,6,96,204,178,117,128,140,170,26,198,115,130,57,88
Log_397,VM_47,H_14,18.84,21,Normal,96,231,16,172,205,100,185,183,181,214,250,215,28,101,122,53
Log_398,VM_23,H_13,34.15,89,Normal,26,101,116,103,44,113,86,30,163,208,188,36,194,35,118,4
Log_399,VM_32,H_4,57.12,35,Normal,173,206,51,48,5,122,137,117,223,22,239,144,109,211,43,40
Log_400,VM_26,H_13,29.05,39,Normal,142,171,237,185,213,49,51,69,195,190,185,150,171,108,210,117
Log_401,VM_51,H_17,10.48,31,Normal,108,94,43,179,66,155,66,205,17,154,178,252,59,253,73,48
Log_402,VM_27,H_15,33.7,91,Normal,14,210,72,195,142,178,47,71,112,244,128,134,52,158,17,11
Log_403,VM_45,H_18,41.72,36,Normal,47,29,96,250,238,6,91,112,2,106,62,133,222,101,14,198
Log_404,VM_12,H_11,49.64,21,Normal,170,221,90,80,246,145,149,60,119,60,52,25,114,218,39,87
Log_405,VM_19,H_4,57.87,15,Normal,115,135,20,220,42,20,130,30,246,154,237,26,72,184,96,160
Log_406,VM_19,H_20,14.32,5,Normal,89,219,43,42,30,116,192,211,75,144,142,33,241,79,3,71
Log_407,VM_52,H_11,42.88,96,Normal,97,109,216,206,27,200,129,16,57,126,201,8,30,193,87,61
Log_408,VM_34,H_10,28.65,86,Normal,18,80,106,240,201,241,54,155,229,111,219,122,241,243,177,64
Log_409,VM_32,H_13,76.36,53,Normal,123,2,206,179,137,20,36,14,86,205,206,201,119,136,43,38
Log_410,VM_29,H_8,35.19,45,Normal,132,24,55,233,120,89,63,199,213,179,88,111,75,136,137,239
Log_411,VM_21,H_13,17.01,24,Normal,9,200,61,89,226,218,59,222,146,106,37,133,142,220,46,172
Log_412,VM_35,H_9,12.9,75,Normal,245,132,77,52,193,61,22,43,51,45,146,215,83,46,90,51
Log_413,VM_42,H_1,28.58,41,Normal,23,144,88,173,63,118,222,155,177,250,63,155,85,55,58,132
Log_414,VM_5,H_1,22.52,20,Normal,181,171,169,199,124,229,219,184,46,203,120,152,101,43,14,235
Log_415,VM_12,H_15,55.49,43,Normal,104,50,52,33,123,236,76,135,122,204,227,69,229,223,20,107
Log_416,VM_7,H_4,69.29,49,Normal,107,240,250,134,89,78,183,176,41,150,51,101,104,78,111,180
Log_417,VM_41,H_20,31.88,68,Normal,103,15,95,36,145,147,45,1,118,86,93,190,2,173,252,230
Log_418,VM_2,H_1,50.45,51,Normal,110,176,0,104,21,220,141,239,219,212,172,223,133,245,64,20
Log_419,VM_25,H_12,98.54,981,Hypervisor_Attack,248,3,130,112,29,30,161,210,19,214,53,250,231,125,152,14
Log_420,VM_10,H_11,37.89,36,Normal,165,150,179,193,184,56,78,179,235,162,201,13,90,245,253,13
Log_421,VM_38,H_19,14.64,53,Normal,98,32,179,0,33,18,151,233,3,163,76,57,159,136,102,207
Log_422,VM_44,H_15,26.04,85,Normal,241,66,115,147,201,119,249,189,185,21,111,194,74,216,233,175
Log_423,VM_6,H_10,71.81,23,Normal,135,200,142,31,180,66,3,29,12,235,20,40,120,237,18,230
Log_424,VM_27,H_1,67.71,82,Normal,47,85,62,147,191,36,253,30,73,145,106,102,109,19,209,138
Log_425,VM_35,H_3,16.06,71,Normal,85,250,43,81,63,121,161,86,64,54,73,116,128,165,230,240
Log_426,VM_10,H_14,25.68,43,Normal,136,94,198,144,98,111,228,51,145,190,32,3,86,74,179,8
Log_427,VM_9,H_15,63.84,93,Normal,63,29,135,231,132,75,190,128,14,88,209,165,169,127,173,180
Log_428,VM_20,H_1,93.51,1600,Hypervisor_Attack,25,60,254,231,122,66,181,149,25,82,235,107,110,59,38,122
Log_429,VM_37,H_10,88.47,1079,Hypervisor_Attack,35,20,168,117,47,25,190,204,35,151,127,232,217,148,145,14
Log_430,VM_35,H_1,24.78,53,Normal,78,133,170,158,27,135,156,148,208,119,248,240,87,185,187,177
Log_431,VM_37,H_15,76.69,19,Normal,227,252,30,46,33,1,105,194,93,71,51,134,203,249,146,89
Log_432,VM_40,H_3,64.85,87,Normal,91,253,142,77,175,124,250,141,130,49,92,123,53,133,176,150
Log_433,VM_8,H_20,92.18,1777,Hypervisor_Attack,219,77,77,19,204,90,187,98,172,188,55,1,104,172,167,111
Log_434,VM_46,H_12,49.09,47,Normal,23,156,194,108,67,113,193,83,181,180,206,48,31,60,169,128
Log_435,VM_56,H_19,17.92,19,Normal,190,101,34,50,198,44,76,112,64,13,92,249,130,237,23,64
Log_436,VM_54,H_16,92.89,1766,Hypervisor_Attack,175,137,12,227,200,141,99,137,167,150,98,54,62,70,169,98
Log_437,VM_31,H_8,56.17,83,Normal,65,78,72,46,80,125,230,51,145,206,145,151,22,139,150,20
Log_438,VM_49,H_14,33.11,77,Normal,253,63,217,71,221,161,129,68,158,224,245,67,197,214,236,146
Log_439,VM_43,H_18,55.97,9,Normal,127,106,108,71,102,140,64,133,198,111,253,154,78,179,125,225
Log_440,VM_58,H_1,85.27,1743,Hypervisor_Attack,249,120,86,47,240,87,206,226,67,171,100,16,222,37,137,53
Log_441,VM_16,H_2,60.48,92,Normal,241,218,233,133,247,133,51,14,67,184,111,245,183,103,6,50
Log_442,VM_28,H_12,35.17,33,Normal,57,240,244,191,108,110,153,185,30,193,91,105,12,145,221,118
Log_443,VM_6,H_17,65.33,66,Normal,202,140,114,252,151,56,125,156,183,53,132,162,18,182,76,68
Log_444,VM_32,H_2,19.57,64,Normal,43,205,37,61,21,72,240,167,153,236,124,4,220,53,85,176
Log_445,VM_28,H_17,35.34,73,Normal,2,219,37,141,174,141,234,202,72,37,191,238,171,124,69,64
Log_446,VM_11,H_7,42.48,26,Normal,24,15,243,14,225,208,130,194,36,208,182,124,112,243,165,190
Log_447,VM_42,H_6,99.4,736,Hypervisor_Attack,0,70,217,238,102,18,51,117,157,106,54,13,12,83,89,26
Log_448,VM_23,H_6,40.32,54,Normal,88,136,40,47,11,137,5,241,161,250,179,40,210,5,129,14
Log_449,VM_30,H_8,41.14,51,Normal,144,15,155,84,199,9,137,241,137,200,155,151,18,224,67,183
Log_450,VM_9,H_5,79.22,33,Normal,194,41,139,145,150,83,133,52,97,41,193,29,8,218,169,33
Log_451,VM_28,H_15,23.52,84,Normal,167,87,240,144,156,227,49,75,222,176,200,188,210,45,45,125
Log_452,VM_24,H_7,63.81,21,Normal,16,65,103,4,122,230,181,124,111,15,80,245,90,134,243,135
Log_453,VM_59,H_3,48.63,24,Normal,71,214,95,234,110,81,37,53,75,14,219,246,229,177,183,222
Log_454,VM_28,H_10,38.95,82,Normal,115,8,7,109,146,50,199,225,184,195,30,101,2,98,82,42
Log_455,VM_24,H_3,54.35,10,Normal,28,9,139,45,29,93,251,209,215,31,200,46,87,62,153,130
Log_456,VM_15,H_14,69.75,26,Normal,22,202,73,49,163,123,12,125,28,165,250,244,204,120,89,211
Log_457,VM_39,H_3,42.66,13,Normal,132,147,77,108,13,135,47,140,23,78,242,192,213,161,241,50
Log_458,VM_50,H_1,91.89,1955,Hypervisor_Attack,231,2,127,118,217,205,57,232,124,199,112,54,118,119,79,41
Log_459,VM_33,H_1,16.57,92,Normal,20,9,56,152,55,37,85,112,188,111,174,53,45,195,3,221
Log_460,VM_47,H_19,55.72,37,Normal,193,220,170,61,227,212,252,123,127,212,111,84,3,64,61,89
Log_461,VM_34,H_4,33.32,81,Normal,119,242,129,136,246,184,44,145,111,175,248,41,40,202,88,217
Log_462,VM_22,H_2,37.07,74,Normal,252,185,227,41,34,165,66,250,40,98,49,103,85,199,78,44
Log_463,VM_29,H_11,49.97,53,Normal,198,146,231,105,144,192,236,220,121,76,55,111,92,40,169,5
Log_464,VM_34,H_12,43.59,34,Normal,196,97,202,72,229,167,40,8,7,171,185,103,194,12,18,97
Log_465,VM_42,H_13,36.72,20,Normal,95,48,207,99,81,205,157,65,204,90,58,52,51,80,158,14
Log_466,VM_52,H_16,31.58,69,Normal,120,253,147,4,134,17,55,74,95,113,218,217,100,172,27,49
Log_467,VM_47,H_16,53.28,86,Normal,1,211,67,127,76,23,252,111,229,249,231,175,172,118,220,185
Log_468,VM_10,H_19,45.39,90,Normal,35,1,126,104,17,176,7,185,14,232,144,22,193,197,92,154
Log_469,VM_51,H_20,32.63,94,Normal,164,48,63,33,17,63,105,73,101,250,171,16,186,140,51,187
Log_470,VM_54,H_20,24.35,18,Normal,239,169,218,63,244,193,33,94,86,198,101,191,160,139,236,75
Log_471,VM_60,H_9,64.21,60,Normal,18,136,73,144,49,231,38,168,137,11,78,222,14,27,131,35
Log_472,VM_60,H_16,65.98,41,Normal,118,64,249,235,248,97,46,80,38,37,43,178,96,123,212,25
Log_473,VM_45,H_7,24.97,53,Normal,237,163,196,96,0,52,5,36,1,248,244,250,122,68,217,168
Log_474,VM_30,H_13,28.32,82,Normal,178,244,174,12,203,68,65,58,67,58,218,241,116,9,140,235
Log_475,VM_56,H_4,26.74,94,Normal,129,217,14,45,184,137,149,231,88,206,76,135,148,212,149,109
Log_476,VM_11,H_13,98.4,1153,Hypervisor_Attack,96,44,90,167,113,149,157,189,72,172,34,209,41,132,26,248
Log_477,VM_54,H_8,64.19,40,Normal,197,189,31,135,247,102,84,145,77,142,233,153,180,43,31,230
Log_478,VM_34,H_2,15.22,56,Normal,27,251,166,234,159,76,206,17,102,69,118,138,159,231,147,96
Log_479,VM_21,H_7,68.29,27,Normal,167,135,242,34,68,125,98,238,77,148,110,151,16,145,225,139
Log_480,VM_59,H_11,12.58,70,Normal,143,3,216,161,91,173,74,204,158,251,152,102,201,23,64,252
Log_481,VM_13,H_17,27.72,75,Normal,116,152,155,163,81,5,65,66,237,71,94,47,210,241,69,77
Log_482,VM_54,H_14,74.33,49,Normal,66,175,64,171,221,254,62,45,146,245,191,210,72,70,109,228
Log_483,VM_25,H_13,70.5,90,Normal,177,62,40,244,6,136,3,88,176,203,133,81,231,20,142,127
Log_484,VM_54,H_15,64.7,32,Normal,194,193,183,246,104,103,250,67,159,193,109,156,65,161,253,26
Log_485,VM_58,H_9,99.67,1079,Hypervisor_Attack,59,117,166,43,229,209,35,18,90,44,211,148,150,221,216,222
Log_486,VM_21,H_3,32.5,53,Normal,154,97,199,18,40,25,27,63,67,222,79,50,201,101,175,9
Log_487,VM_1,H_13,71.71,61,Normal,236,200,166,99,242,121,227,146,63,123,18,75,61,140,24,227
Log_488,VM_58,H_13,56.0,86,Normal,88,91,254,41,116,38,157,132,80,145,106,110,20,213,230,49
Log_489,VM_5,H_9,30.69,92,Normal,249,120,133,49,207,193,114,0,184,29,185,106,179,164,47,86
Log_490,VM_53,H_18,42.42,63,Normal,128,18,45,194,129,55,228,144,91,81,224,78,149,104,26,54
Log_491,VM_22,H_5,71.71,30,Normal,228,159,59,108,210,155,155,119,201,211,152,84,205,85,116,153
Log_492,VM_7,H_11,73.24,23,Normal,107,74,118,198,144,209,6,183,191,147,165,74,235,57,15,178
Log_493,VM_13,H_2,56.15,17,Normal,246,26,50,74,143,86,187,122,75,250,39,66,129,251,101,175
Log_494,VM_45,H_17,61.28,78,Normal,179,151,92,238,109,225,211,81,77,209,1,64,19,33,40,168
Log_495,VM_52,H_20,12.75,66,Normal,239,202,218,22,37,171,66,61,139,29,222,86,192,168,147,117
Log_496,VM_23,H_4,52.32,18,Normal,5,74,226,131,92,250,9,50,92,37,128,231,135,248,101,80
Log_497,VM_21,H_18,58.23,77,Normal,82,190,160,142,236,30,20,130,125,193,34,168,186,143,183,44
Log_498,VM_6,H_20,11.43,15,Normal,242,58,177,212,11,219,252,139,32,211,231,176,20,59,51,181
Log_499,VM_20,H_8,69.07,71,Normal,166,232,176,122,105,191,99,213,153,70,134,199,61,217,87,23
Log_500,VM_12,H_19,74.98,16,Normal,39,239,75,174,135,181,8,2,181,20,94,175,174,215,195,211
Log_501,VM_40,H_12,26.66,39,Normal,252,190,15,201,106,217,92,132,138,156,236,78,69,47,14,234
Log_502,VM_9,H_11,69.21,43,Normal,211,33,59,251,189,1,235,79,18,225,48,77,215,27,47,95
Log_503,VM_50,H_16,93.16,801,Hypervisor_Attack,164,201,176,108,175,72,215,99,247,28,187,156,57,47,22,26
Log_504,VM_28,H_5,50.65,18,Normal,222,234,6,48,181,108,67,205,233,169,201,186,171,225,153,150
Log_505,VM_11,H_3,69.02,69,Normal,72,252,100,7,52,141,198,134,136,2,77,144,241,171,85,45
Log_506,VM_52,H_12,29.99,31,Normal,89,185,155,236,141,8,114,153,129,74,80,127,33,146,38,209
Log_507,VM_32,H_15,65.36,64,Normal,12,132,49,22,121,119,87,156,111,110,71,153,206,56,0,155
Log_508,VM_11,H_16,89.48,1617,Hypervisor_Attack,112,61,46,237,77,105,225,186,158,197,125,176,4,30,36,78
Log_509,VM_24,H_13,65.12,69,Normal,142,51,234,196,219,224,138,42,197,150,39,62,129,254,206,86
Log_510,VM_56,H_7,41.57,59,Normal,213,72,174,103,157,15,58,237,46,115,157,108,8,64,58,101
Log_511,VM_15,H_15,18.19,97,Normal,191,135,250,122,179,145,90,209,95,57,176,31,244,47,44,181
Log_512,VM_41,H_3,36.71,92,Normal,99,99,212,45,223,158,164,143,173,125,45,205,120,87,216,60
Log_513,VM_35,H_12,26.34,85,Normal,45,178,189,162,80,237,169,44,117,195,202,46,206,157,151,193
Log_514,VM_17,H_8,17.04,39,Normal,170,161,22,60,222,164,12,224,198,223,6,169,165,179,171,191
Log_515,VM_25,H_12,17.72,99,Normal,140,215,27,95,106,209,97,111,225,242,229,0,42,241,41,94
Log_516,VM_49,H_18,64.6,36,Normal,177,253,187,128,50,143,249,166,14,124,160,86,52,232,225,144
Log_517,VM_35,H_3,71.7,23,Normal,88,247,105,5,30,196,231,39,157,68,203,134,236,12,240,3
Log_518,VM_19,H_12,74.9,99,Normal,177,233,2,139,64,26,106,49,204,16,199,31,211,178,16,33
Log_519,VM_41,H_2,91.49,1170,Hypervisor_Attack,34,226,229,233,151,181,145,49,173,175,102,32,240,214,88,228
Log_520,VM_31,H_14,68.12,24,Normal,154,128,84,58,240,9,222,235,152,211,56,65,118,111,14,155
Log_521,VM_17,H_14,14.82,32,Normal,12,113,251,243,117,141,113,193,33,226,100,24,111,53,254,206
Log_522,VM_55,H_4,65.31,7,Normal,11,125,136,249,30,77,220,52,111,42,165,41,123,199,175,66
Log_523,VM_50,H_17,64.83,36,Normal,65,143,82,93,104,143,30,117,185,27,3,137,178,236,17,46
Log_524,VM_23,H_15,19.19,90,Normal,159,157,163,8,163,28,143,91,148,63,110,247,193,123,186,109
Log_525,VM_47,H_16,56.34,62,Normal,226,117,155,182,99,253,30,160,214,187,168,80,45,48,192,41
Log_526,VM_1,H_5,41.68,58,Normal,150,111,26,216,159,210,87,120,2,59,203,226,78,144,241,31
Log_527,VM_58,H_17,73.0,46,Normal,6,210,70,127,196,57,167,212,111,47,178,184,110,70,164,214
Log_528,VM_10,H_7,58.68,19,Normal,74,73,120,212,54,250,40,96,147,32,167,226,33,61,227,218
Log_529,VM_8,H_15,76.57,87,Normal,18,170,196,190,220,247,9,119,122,246,103,140,220,4,249,57
Log_530,VM_42,H_17,17.34,66,Normal,58,203,127,186,204,85,103,142,204,128,245,37,254,106,108,52
Log_531,VM_26,H_12,12.84,35,Normal,51,0,10,57,234,127,167,213,226,187,242,43,5,155,158,246
Log_532,VM_34,H_11,78.15,65,Normal,7,4,105,181,111,235,16,165,8,201,211,77,13,153,220,112
Log_533,VM_19,H_19,15.61,30,Normal,189,90,24,207,163,97,207,160,2,214,138,111,185,191,145,46
Log_534,VM_14,H_11,37.03,73,Normal,232,171,220,186,49,196,215,156,220,123,89,231,66,1,152,146
Log_535,VM_8,H_2,55.5,61,Normal,167,1,210,64,189,90,181,172,246,115,48,226,232,68,165,131
Log_536,VM_51,H_15,71.6,24,Normal,144,125,180,212,52,111,158,239,149,138,161,112,142,113,252,137
Log_537,VM_1,H_5,27.82,70,Normal,229,223,180,47,30,36,107,27,158,69,13,121,214,15,24,166
Log_538,VM_48,H_18,12.03,25,Normal,65,37,168,102,97,114,39,234,63,88,99,143,248,81,76,58
Log_539,VM_25,H_16,46.49,64,Normal,228,90,97,138,0,12,29,196,17,77,140,31,70,199,49,198
Log_540,VM_24,H_4,42.98,67,Normal,115,112,79,234,30,50,154,59,32,180,126,220,199,160,125,40
Log_541,VM_47,H_10,88.83,1371,Hypervisor_Attack,18,212,40,84,88,41,119,22,202,32,19,152,89,103,179,11
Log_542,VM_20,H_2,71.17,96,Normal,159,160,201,195,142,50,5,90,196,68,209,219,162,122,213,161
Log_543,VM_56,H_15,62.45,88,Normal,190,195,145,232,114,153,233,213,110,224,60,106,77,254,94,73
Log_544,VM_30,H_4,70.07,43,Normal,242,215,212,47,199,95,30,33,86,216,134,82,134,46,135,205
Log_545,VM_5,H_16,21.33,15,Normal,128,124,76,2,180,91,165,178,142,99,244,126,194,191,67,132
Log_546,VM_3,H_7,58.47,61,Normal,241,89,88,9,7,11,63,117,249,58,194,218,49,150,39,121
Log_547,VM_32,H_12,78.26,7,Normal,96,205,126,245,86,222,76,120,203,226,145,148,236,110,233,128
Log_548,VM_17,H_3,52.83,41,Normal,252,165,40,169,238,136,22,77,10,70,158,215,25,29,161,173
Log_549,VM_42,H_17,22.0,88,Normal,101,68,132,188,210,242,165,155,153,60,105,22,173,112,29,66
Log_550,VM_5,H_9,79.7,29,Normal,219,160,233,130,196,120,82,169,61,185,56,239,0,101,200,187
Log_551,VM_11,H_8,46.98,25,Normal,68,58,45,105,33,100,96,152,169,28,249,152,181,122,72,253
Log_552,VM_38,H_6,68.8,84,Normal,194,142,3,236,37,19,112,22,164,189,110,135,248,164,247,44
Log_553,VM_4,H_15,20.46,46,Normal,96,32,134,254,21,132,237,14,20,125,88,16,55,49,134,117
Log_554,VM_39,H_10,56.63,5,Normal,121,49,59,124,210,115,134,167,172,186,241,87,202,104,54,63
Log_555,VM_19,H_6,73.88,27,Normal,192,181,95,167,180,43,190,129,206,148,215,49,208,110,179,243
Log_556,VM_39,H_15,47.24,28,Normal,136,98,147,210,145,83,29,231,64,23,215,174,210,221,89,105
Log_557,VM_46,H_14,96.59,1133,Hypervisor_Attack,171,251,229,156,76,67,108,144,253,96,132,91,87,208,49,102
Log_558,VM_49,H_19,18.92,93,Normal,111,167,235,45,178,10,11,140,63,7,192,8,219,129,77,140
Log_559,VM_23,H_13,30.72,11,Normal,239,1,195,203,175,73,130,195,133,86,4,241,130,137,170,146
Log_560,VM_17,H_14,34.84,42,Normal,13,148,123,42,27,148,163,23,181,165,16,149,82,44,245,73
Log_561,VM_13,H_3,59.7,51,Normal,188,138,60,37,65,32,42,158,111,34,36,174,238,99,22,163
Log_562,VM_27,H_4,22.5,39,Normal,167,230,217,88,208,14,164,236,131,149,208,21,208,205,77,144
Log_563,VM_1,H_14,17.43,82,Normal,71,97,89,108,93,213,79,93,79,37,245,151,227,226,133,195
Log_564,VM_2,H_14,37.09,66,Normal,209,133,25,100,218,168,74,37,253,207,82,170,180,142,217,55
Log_565,VM_18,H_8,86.05,1172,Hypervisor_Attack,104,183,30,210,184,178,151,57,72,214,131,9,190,72,210,14
Log_566,VM_36,H_10,53.99,7,Normal,242,97,233,62,18,112,62,115,183,20,161,242,144,145,80,65
Log_567,VM_45,H_9,59.53,24,Normal,178,64,42,56,137,36,175,119,68,55,118,203,163,158,54,37
Log_568,VM_33,H_14,86.65,970,Hypervisor_Attack,242,200,235,217,14,143,76,216,221,52,183,6,184,54,51,3
Log_569,VM_36,H_8,30.23,36,Normal,42,39,229,120,29,137,221,102,6,163,162,215,166,163,108,19
Log_570,VM_2,H_11,47.0,30,Normal,48,95,58,230,176,89,25,35,170,125,226,42,98,203,32,99
Log_571,VM_4,H_10,35.62,52,Normal,205,96,237,172,44,87,142,94,16,139,253,21,150,254,89,77
Log_572,VM_16,H_18,10.1,9,Normal,139,113,67,250,109,178,124,140,56,253,54,81,106,155,101,232
Log_573,VM_4,H_4,50.56,63,Normal,171,146,173,110,106,101,237,2,210,147,24,74,252,183,208,60
Log_574,VM_57,H_4,67.11,65,Normal,251,122,240,54,162,205,186,38,184,82,194,33,249,112,168,149
Log_575,VM_9,H_12,12.55,53,Normal,229,247,26,148,168,30,154,164,193,181,238,136,82,169,163,9
Log_576,VM_49,H_18,10.24,34,Normal,186,39,53,236,166,134,3,142,203,175,5,251,72,162,199,198
Log_577,VM_21,H_8,60.95,21,Normal,195,57,76,18,61,70,137,24,171,249,226,126,57,152,220,119
Log_578,VM_23,H_3,57.87,74,Normal,203,242,110,167,75,243,69,251,137,65,119,236,152,198,231,86
Log_579,VM_52,H_18,38.41,62,Normal,239,138,121,163,48,47,114,86,250,234,6,218,76,178,144,159
Log_580,VM_60,H_7,56.31,67,Normal,153,120,123,149,140,124,11,70,0,160,243,118,141,250,110,63
Log_581,VM_53,H_1,76.74,65,Normal,42,247,185,40,208,195,243,114,38,0,40,172,87,225,97,87
Log_582,VM_2,H_13,27.35,67,Normal,250,253,78,208,140,70,136,235,190,98,150,181,174,166,86,153
Log_583,VM_3,H_3,27.21,19,Normal,0,141,223,242,111,73,64,68,66,176,49,57,52,90,114,117
Log_584,VM_23,H_3,23.04,5,Normal,56,85,17,15,129,238,12,172,79,199,42,199,53,201,246,224
Log_585,VM_26,H_15,60.68,17,Normal,158,203,136,228,72,47,17,221,223,231,214,10,189,83,18,99
Log_586,VM_47,H_19,34.72,52,Normal,115,89,73,23,12,124,115,173,180,225,156,163,70,242,221,125
Log_587,VM_7,H_4,99.28,1017,Hypervisor_Attack,144,175,204,247,151,181,118,222,249,90,241,84,107,246,126,120
Log_588,VM_36,H_13,60.03,34,Normal,128,206,194,5,77,182,37,160,115,101,7,217,206,77,111,147
Log_589,VM_44,H_13,35.72,23,Normal,54,47,250,210,183,224,227,87,9,51,177,33,163,238,60,227
Log_590,VM_33,H_15,20.44,68,Normal,143,78,17,70,174,85,31,42,82,167,247,192,162,68,49,11
Log_591,VM_49,H_19,51.44,70,Normal,203,84,122,57,82,190,200,234,176,111,127,35,233,53,46,248
Log_592,VM_36,H_16,30.64,61,Normal,114,159,254,226,222,123,180,246,159,189,164,95,106,119,100,102
Log_593,VM_4,H_7,73.39,48,Normal,165,157,185,31,236,65,178,10,186,147,36,200,101,48,18,182
Log_594,VM_54,H_3,40.9,16,Normal,167,6,132,238,41,87,175,232,134,10,200,176,157,40,2,213
Log_595,VM_23,H_20,30.49,44,Normal,39,50,211,31,47,70,251,198,147,88,108,34,107,151,39,204
Log_596,VM_25,H_2,51.2,28,Normal,51,111,38,67,188,75,208,64,61,208,1,133,235,121,74,244
Log_597,VM_41,H_18,19.59,15,Normal,170,209,39,88,166,27,237,79,62,191,254,139,40,243,28,22
Log_598,VM_26,H_11,49.31,70,Normal,212,79,244,50,111,104,44,89,228,149,242,137,134,200,88,237
Log_599,VM_28,H_1,13.93,5,Normal,14,76,105,173,89,212,86,60,107,219,60,50,165,11,215,76
Log_600,VM_28,H_16,52.48,62,Normal,231,111,65,181,166,203,166,114,205,29,104,241,234,175,210,30
Log_601,VM_21,H_17,47.11,32,Normal,234,241,234,152,195,241,178,12,227,190,127,253,169,252,181,100
Log_602,VM_10,H_16,46.45,72,Normal,66,79,217,231,183,102,18,173,142,31,176,148,64,197,26,150
Log_603,VM_27,H_10,57.89,98,Normal,46,222,11,84,243,65,132,136,147,109,81,124,62,213,71,97
Log_604,VM_51,H_17,13.11,63,Normal,72,70,29,124,209,218,15,212,132,246,156,46,100,106,125,21
Log_605,VM_51,H_3,42.18,75,Normal,205,184,82,162,215,233,59,197,187,57,2,161,44,49,1,14
Log_606,VM_15,H_18,41.08,26,Normal,164,142,187,95,84,191,208,225,223,241,110,179,22,98,36,106
Log_607,VM_54,H_19,42.18,94,Normal,40,228,56,96,24,109,36,39,84,45,187,239,101,231,97,18
Log_608,VM_17,H_14,78.59,33,Normal,90,136,68,4,216,153,146,157,227,47,111,143,198,17,183,148
Log_609,VM_39,H_2,19.75,93,Normal,30,128,130,222,24,244,7,192,61,134,6,135,18,144,138,110
Log_610,VM_35,H_12,58.33,78,Normal,232,176,10,229,40,189,113,179,193,195,241,91,224,74,66,167
Log_611,VM_5,H_11,38.14,88,Normal,4,115,212,149,117,164,251,10,43,213,232,180,76,117,115,188
Log_612,VM_16,H_17,45.82,82,Normal,66,12,91,245,10,138,84,243,84,134,16,47,141,190,191,96
Log_613,VM_23,H_6,63.37,73,Normal,74,204,192,161,136,76,127,36,29,168,172,228,46,253,134,141
Log_614,VM_39,H_19,21.02,49,Normal,253,47,254,133,33,207,242,100,227,45,186,69,135,23,66,3
Log_615,VM_48,H_13,63.45,74,Normal,223,0,33,108,8,62,203,9,137,177,43,117,253,175,214,5
Log_616,VM_9,H_7,14.92,90,Normal,215,120,151,212,247,233,94,110,185,104,63,221,183,225,209,139
Log_617,VM_33,H_11,43.83,21,Normal,162,70,232,103,88,5,192,109,207,187,111,195,156,165,238,219
Log_618,VM_35,H_7,61.94,83,Normal,149,126,135,62,223,224,140,154,145,17,76,213,189,141,138,102
Log_619,VM_57,H_13,23.48,43,Normal,241,116,213,227,16,178,223,13,233,56,92,133,113,184,131,138
Log_620,VM_40,H_13,63.96,44,Normal,108,231,201,118,91,10,98,206,7,211,113,186,148,64,92,151
Log_621,VM_50,H_1,21.68,32,Normal,157,103,98,224,83,184,207,72,222,144,58,30,63,47,22,197
Log_622,VM_24,H_19,65.95,6,Normal,157,54,6,247,111,231,105,237,202,97,11,59,251,243,51,236
Log_623,VM_24,H_19,42.83,86,Normal,238,154,249,139,140,71,207,189,124,156,162,59,156,30,76,75
Log_624,VM_50,H_15,57.92,31,Normal,242,60,1,160,199,189,232,120,58,39,244,176,232,31,37,91
Log_625,VM_24,H_14,74.22,25,Normal,206,214,87,140,84,181,75,127,12,38,22,241,109,106,91,141
Log_626,VM_19,H_3,38.59,91,Normal,144,23,244,185,190,33,178,111,213,137,117,199,148,164,6,89
Log_627,VM_39,H_20,26.31,11,Normal,12,79,29,158,132,159,15,238,200,149,191,246,171,39,236,36
Log_628,VM_25,H_4,70.7,65,Normal,77,15,42,211,62,235,14,247,171,217,136,64,226,43,19,236
Log_629,VM_52,H_7,21.31,56,Normal,118,197,233,201,111,122,160,79,99,5,82,30,65,17,233,27
Log_630,VM_31,H_1,54.2,52,Normal,251,67,252,192,238,233,113,207,172,57,174,193,179,163,128,38
Log_631,VM_59,H_19,74.63,23,Normal,214,217,202,249,105,0,74,87,201,141,205,198,150,170,149,59
Log_632,VM_38,H_3,57.21,77,Normal,227,154,183,129,166,178,109,18,61,70,203,194,190,110,132,71
Log_633,VM_25,H_20,23.7,16,Normal,77,188,99,70,6,49,45,223,71,249,75,73,254,141,72,101
Log_634,VM_27,H_15,20.66,98,Normal,93,68,64,192,184,61,19,240,202,153,43,194,197,61,106,124
Log_635,VM_32,H_13,27.66,75,Normal,44,10,199,220,201,161,87,45,252,111,80,31,202,97,215,246
Log_636,VM_11,H_14,37.4,6,Normal,4,190,28,47,239,249,225,15,152,228,71,28,179,45,152,233
Log_637,VM_5,H_7,87.43,912,Hypervisor_Attack,22,161,194,93,113,244,33,159,116,28,8,193,184,38,134,109
Log_638,VM_44,H_1,65.85,79,Normal,68,135,95,118,117,17,101,109,81,176,104,236,15,20,137,105
Log_639,VM_33,H_13,34.99,80,Normal,131,43,122,135,110,116,125,182,18,238,63,39,231,50,136,157
Log_640,VM_19,H_4,75.53,7,Normal,55,80,231,171,186,142,195,69,127,125,60,79,217,120,100,150
Log_641,VM_43,H_12,68.97,25,Normal,76,174,144,184,125,181,218,179,21,228,82,166,226,140,77,239
Log_642,VM_47,H_7,73.62,82,Normal,94,108,193,109,51,102,100,141,200,201,62,198,27,237,216,45
Log_643,VM_57,H_2,30.61,83,Normal,248,27,1,126,16,58,179,131,76,209,130,114,164,96,104,23
Log_644,VM_16,H_17,50.16,55,Normal,199,34,1,32,75,85,204,137,80,61,42,196,120,58,8,76
Log_645,VM_35,H_1,32.5,14,Normal,187,62,51,22,29,170,246,195,20,42,200,134,15,22,185,86
Log_646,VM_11,H_14,27.99,59,Normal,30,120,68,133,114,192,58,239,155,145,215,76,224,137,6,36
Log_647,VM_11,H_1,88.35,1695,Hypervisor_Attack,223,172,85,15,215,115,117,13,138,210,86,161,187,103,140,166
Log_648,VM_10,H_3,67.26,55,Normal,43,27,167,15,49,114,155,67,91,120,187,139,15,52,181,48
Log_649,VM_34,H_11,16.55,78,Normal,163,61,83,153,55,119,89,149,119,72,68,208,176,97,1,52
Log_650,VM_52,H_7,29.3,21,Normal,118,6,254,227,204,147,221,157,74,94,249,194,186,193,239,2
Log_651,VM_5,H_9,24.36,93,Normal,183,78,16,111,51,6,111,132,225,224,53,60,108,15,228,194
Log_652,VM_23,H_3,65.88,65,Normal,250,186,46,47,234,120,242,63,49,212,40,199,21,114,181,4
Log_653,VM_55,H_1,75.34,95,Normal,144,100,77,230,40,91,222,208,162,167,21,236,175,52,92,9
Log_654,VM_25,H_19,15.6,79,Normal,145,226,235,207,241,48,70,157,18,54,187,214,199,208,20,25
Log_655,VM_29,H_2,87.88,692,Hypervisor_Attack,248,27,250,166,160,39,210,28,19,19,254,73,253,139,119,96
Log_656,VM_40,H_5,74.02,69,Normal,119,24,152,244,3,3,136,142,247,25,78,89,219,70,159,75
Log_657,VM_13,H_17,34.12,99,Normal,98,179,126,31,8,77,12,183,123,171,224,95,82,157,143,139
Log_658,VM_47,H_19,95.94,996,Hypervisor_Attack,201,193,17,140,92,23,101,139,59,59,220,213,99,0,42,54
Log_659,VM_32,H_5,17.05,84,Normal,167,191,33,33,175,160,195,229,157,244,243,109,83,89,78,70
Log_660,VM_34,H_14,41.11,91,Normal,70,113,28,150,161,211,142,96,52,144,63,211,60,184,204,107
Log_661,VM_12,H_10,45.23,78,Normal,215,245,238,247,36,134,7,214,77,67,20,188,237,201,213,93
Log_662,VM_24,H_7,63.04,52,Normal,221,251,207,74,213,156,152,185,141,77,65,181,204,194,157,145
Log_663,VM_40,H_8,90.4,1052,Hypervisor_Attack,53,99,20,52,82,143,155,3,242,54,14,63,192,111,238,143
Log_664,VM_21,H_8,28.49,74,Normal,117,19,63,32,80,196,125,68,185,166,204,235,163,93,248,67
Log_665,VM_29,H_7,31.21,51,Normal,86,20,62,84,133,23,110,180,94,82,101,253,203,77,177,123
Log_666,VM_51,H_13,48.9,14,Normal,139,183,119,14,82,219,167,168,196,196,5,214,66,228,160,170
Log_667,VM_57,H_14,71.32,61,Normal,121,148,83,192,230,110,144,220,135,63,125,217,27,97,217,140
Log_668,VM_60,H_19,68.17,84,Normal,235,228,12,165,152,238,189,150,85,20,181,62,157,202,195,224
Log_669,VM_23,H_11,14.06,17,Normal,110,75,72,159,202,228,151,6,71,224,216,128,130,103,27,42
Log_670,VM_33,H_2,86.55,1267,Hypervisor_Attack,96,45,0,165,244,218,101,34,201,203,201,53,225,23,254,155
Log_671,VM_8,H_17,16.66,62,Normal,21,236,15,12,99,99,61,170,86,77,159,66,90,210,213,184
Log_672,VM_42,H_6,39.07,88,Normal,192,196,176,32,114,18,163,242,197,123,142,227,119,96,23,26
Log_673,VM_13,H_9,63.58,72,Normal,176,74,240,22,160,40,237,238,55,156,158,192,97,145,209,5
Log_674,VM_5,H_19,15.71,88,Normal,179,39,192,238,41,221,195,31,9,234,68,8,68,188,138,98
Log_675,VM_54,H_5,12.83,90,Normal,218,195,73,102,224,122,101,7,176,151,230,160,232,234,18,1
Log_676,VM_41,H_9,33.1,33,Normal,54,138,226,16,169,60,130,85,34,212,216,102,65,0,134,147
Log_677,VM_10,H_7,61.09,20,Normal,170,118,133,54,99,242,251,20,50,173,162,99,7,241,67,106
Log_678,VM_14,H_4,46.52,67,Normal,143,66,198,191,1,0,185,0,101,114,134,87,196,212,91,17
Log_679,VM_24,H_18,39.19,51,Normal,87,249,159,172,32,201,72,176,160,224,198,195,27,86,52,223
Log_680,VM_11,H_18,66.92,47,Normal,43,79,237,182,137,13,102,35,33,87,145,15,232,164,40,254
Log_681,VM_46,H_20,63.67,27,Normal,24,125,7,215,211,111,93,83,253,145,67,175,227,197,66,145
Log_682,VM_3,H_17,65.02,34,Normal,110,231,17,55,150,34,133,117,25,253,212,60,87,14,90,31
Log_683,VM_29,H_4,42.18,61,Normal,139,132,63,198,85,154,206,230,44,248,34,25,22,140,217,130
Log_684,VM_53,H_16,11.36,34,Normal,28,193,63,155,214,163,112,133,138,165,117,161,208,66,107,173
Log_685,VM_48,H_5,22.05,71,Normal,225,85,28,59,53,92,68,201,201,116,8,125,212,76,9,101
Log_686,VM_52,H_9,61.89,60,Normal,202,195,57,237,253,222,112,179,161,105,34,102,102,160,199,159
Log_687,VM_30,H_2,62.72,28,Normal,182,96,135,173,141,225,135,242,105,70,76,53,20,110,223,74
Log_688,VM_49,H_2,78.06,81,Normal,249,13,202,1,225,188,107,238,144,77,216,47,90,135,183,16
Log_689,VM_37,H_4,23.31,80,Normal,196,11,165,254,145,25,222,36,69,168,78,169,240,252,89,242
Log_690,VM_58,H_20,18.6,12,Normal,203,40,174,141,128,16,224,182,220,52,117,108,158,189,135,157
Log_691,VM_7,H_20,19.72,92,Normal,76,79,193,44,17,98,172,146,204,242,67,82,49,24,165,242
Log_692,VM_17,H_17,22.94,48,Normal,120,222,163,67,55,38,62,127,134,121,246,185,207,58,47,132
Log_693,VM_20,H_20,98.27,622,Hypervisor_Attack,238,214,35,223,87,24,172,219,18,134,235,185,232,208,65,79
Log_694,VM_54,H_19,78.26,38,Normal,166,254,124,145,102,128,190,130,126,20,125,123,157,10,21,110
Log_695,VM_11,H_3,51.26,39,Normal,124,56,88,130,157,215,127,44,35,86,117,71,191,181,67,177
Log_696,VM_44,H_5,46.59,54,Normal,102,234,158,28,186,163,204,104,72,118,84,242,194,88,88,75
Log_697,VM_25,H_10,85.06,503,Hypervisor_Attack,220,138,115,138,240,252,153,52,141,63,207,247,137,30,222,35
Log_698,VM_59,H_6,15.18,6,Normal,9,25,19,124,43,61,200,78,8,70,89,23,139,59,83,119
Log_699,VM_24,H_3,67.07,94,Normal,77,213,15,28,159,210,118,34,42,95,118,52,19,114,231,211
Log_700,VM_2,H_17,55.28,58,Normal,7,121,226,41,76,232,69,110,15,68,52,172,178,225,5,122
Log_701,VM_27,H_10,21.98,48,Normal,32,206,14,13,166,62,4,243,120,89,239,208,106,238,179,15
Log_702,VM_19,H_12,89.35,952,Hypervisor_Attack,98,165,52,214,76,224,92,180,173,97,97,218,142,58,177,136
Log_703,VM_58,H_1,51.73,53,Normal,25,2,99,46,4,61,211,83,132,137,79,62,24,43,152,157
Log_704,VM_29,H_18,14.54,6,Normal,13,85,170,155,221,18,101,169,19,226,213,78,138,181,97,120
Log_705,VM_37,H_19,85.7,1513,Hypervisor_Attack,151,197,16,155,49,222,227,182,200,9,148,57,161,94,220,106
Log_706,VM_11,H_20,37.37,74,Normal,170,138,32,185,45,188,189,128,148,61,191,86,248,72,183,0
Log_707,VM_55,H_4,27.14,13,Normal,20,21,181,3,64,178,201,62,142,243,35,28,179,173,68,156
Log_708,VM_19,H_15,86.75,1963,Hypervisor_Attack,110,174,218,152,207,143,99,216,40,192,196,232,147,196,163,220
Log_709,VM_28,H_9,50.11,73,Normal,239,225,185,47,209,129,207,156,224,143,162,110,61,106,105,208
Log_710,VM_39,H_6,42.96,13,Normal,131,112,67,178,88,160,77,151,74,24,155,6,112,35,9,112
Log_711,VM_21,H_12,95.25,834,Hypervisor_Attack,35,222,210,17,240,133,219,134,101,248,139,168,241,254,190,225
Log_712,VM_26,H_18,76.95,31,Normal,24,208,180,32,86,72,5,189,193,229,136,66,143,216,215,238
Log_713,VM_22,H_15,56.24,13,Normal,92,107,182,167,25,37,162,214,195,186,233,141,244,247,174,102
Log_714,VM_6,H_19,50.75,40,Normal,198,199,41,178,146,65,174,192,41,37,245,140,105,171,151,95
Log_715,VM_11,H_9,69.33,97,Normal,157,69,37,96,107,118,150,73,56,109,78,251,150,247,35,56
Log_716,VM_59,H_13,54.25,88,Normal,254,253,128,199,2,13,208,33,238,69,68,237,178,232,103,28
Log_717,VM_14,H_16,21.59,83,Normal,226,209,231,47,93,78,116,206,143,184,224,137,146,228,241,66
Log_718,VM_60,H_13,32.03,7,Normal,163,131,74,232,160,27,223,120,254,207,8,202,133,122,48,90
Log_719,VM_36,H_1,61.34,27,Normal,124,75,149,103,175,228,148,32,208,183,156,52,39,201,17,174
Log_720,VM_60,H_18,61.69,77,Normal,243,12,154,189,73,95,104,172,130,149,154,182,66,32,1,74
Log_721,VM_40,H_3,79.09,34,Normal,173,73,230,246,251,160,185,134,142,25,138,127,165,26,245,230
Log_722,VM_41,H_17,53.89,23,Normal,134,128,201,20,78,157,93,7,215,82,2,54,142,35,5,120
Log_723,VM_2,H_5,72.97,71,Normal,41,49,111,145,229,210,240,49,29,204,38,115,139,225,58,75
Log_724,VM_57,H_6,13.82,54,Normal,171,215,131,163,241,47,141,80,48,66,229,214,76,136,20,104
Log_725,VM_43,H_17,49.64,52,Normal,71,208,15,143,250,27,178,183,79,56,109,51,173,205,237,235
Log_726,VM_60,H_17,74.39,7,Normal,165,83,236,47,126,168,97,117,186,92,66,73,83,193,154,159
Log_727,VM_20,H_1,30.11,70,Normal,183,9,167,144,185,117,96,5,166,238,17,200,71,88,222,41
Log_728,VM_22,H_7,20.84,31,Normal,252,3,19,27,167,192,103,246,43,22,184,46,12,143,217,182
Log_729,VM_39,H_16,34.54,91,Normal,94,241,192,208,15,118,164,179,116,9,121,37,43,94,73,181
Log_730,VM_4,H_5,65.46,44,Normal,112,225,50,51,197,91,219,58,12,168,11,49,231,56,177,248
Log_731,VM_56,H_16,15.93,22,Normal,118,56,181,193,7,105,190,136,187,119,241,62,71,242,130,200
Log_732,VM_29,H_4,52.02,31,Normal,12,136,222,216,51,235,61,118,108,7,238,94,124,254,172,52
Log_733,VM_46,H_11,19.49,15,Normal,236,62,94,80,238,56,181,146,66,45,93,137,112,92,231,145
Log_734,VM_58,H_14,40.49,43,Normal,139,48,22,61,10,72,117,183,87,88,54,152,238,8,11,138
Log_735,VM_24,H_13,77.62,23,Normal,112,165,155,7,201,216,174,35,124,49,106,8,232,187,199,66
Log_736,VM_1,H_8,23.66,93,Normal,52,81,109,226,144,227,52,155,113,62,142,18,123,85,69,46
Log_737,VM_24,H_20,12.38,11,Normal,198,107,175,200,19,36,202,129,191,213,239,35,132,63,6,197
Log_738,VM_58,H_15,39.9,99,Normal,119,21,201,45,167,188,109,45,211,27,86,34,128,156,8,8
Log_739,VM_30,H_18,50.44,61,Normal,21,190,193,207,231,185,69,182,140,224,146,206,160,201,64,187
Log_740,VM_12,H_7,30.83,6,Normal,139,42,220,16,67,28,182,134,43,204,132,187,133,225,244,6
Log_741,VM_19,H_19,47.92,42,Normal,173,184,53,219,45,137,3,194,152,214,90,205,60,165,159,150
Log_742,VM_37,H_9,76.74,9,Normal,110,231,36,2,226,12,161,87,192,75,7,82,8,155,77,123
Log_743,VM_58,H_11,31.82,82,Normal,218,145,41,40,197,160,228,233,88,76,53,214,163,96,212,97
Log_744,VM_40,H_10,31.66,86,Normal,55,99,144,9,214,43,250,129,226,141,248,238,236,168,129,18
Log_745,VM_43,H_14,43.79,40,Normal,79,234,235,88,0,129,239,26,1,249,221,178,137,18,233,207
Log_746,VM_54,H_16,46.07,72,Normal,140,175,113,55,199,183,177,94,172,216,186,166,251,148,182,247
Log_747,VM_4,H_8,10.1,92,Normal,56,241,101,168,220,69,81,48,171,162,90,4,198,201,201,178
Log_748,VM_15,H_1,53.11,81,Normal,56,185,91,35,137,177,226,244,226,164,111,147,12,202,121,108
Log_749,VM_20,H_12,79.82,89,Normal,146,91,101,55,44,59,195,184,53,36,210,36,244,13,94,219
Log_750,VM_44,H_3,30.44,61,Normal,251,227,171,101,210,41,0,22,246,191,27,239,131,168,187,17
Log_751,VM_20,H_2,54.16,24,Normal,190,188,48,46,114,38,216,209,5,210,52,203,24,98,64,132
Log_752,VM_54,H_16,10.32,9,Normal,192,7,38,110,42,81,237,122,200,132,246,3,107,92,128,93
Log_753,VM_55,H_4,52.3,28,Normal,55,172,192,2,21,199,55,17,152,175,115,83,158,29,79,65
Log_754,VM_21,H_2,41.29,34,Normal,208,9,198,58,233,50,243,122,136,53,189,80,136,8,100,151
Log_755,VM_10,H_12,47.12,32,Normal,38,202,135,152,109,65,9,116,151,239,207,82,186,158,138,133
Log_756,VM_30,H_17,48.07,57,Normal,69,159,38,175,12,58,66,183,247,40,183,34,165,248,80,194
Log_757,VM_24,H_20,91.96,1284,Hypervisor_Attack,33,75,215,69,233,10,111,26,47,23,17,26,53,54,119,232
Log_758,VM_48,H_10,63.9,11,Normal,20,186,114,161,119,224,57,254,175,53,145,2,151,128,5,18
Log_759,VM_55,H_20,48.88,46,Normal,85,114,170,122,135,196,179,72,46,84,27,45,131,119,215,135
Log_760,VM_40,H_8,28.91,39,Normal,115,60,16,33,19,207,201,161,42,9,93,157,114,152,126,184
Log_761,VM_52,H_18,88.55,676,Hypervisor_Attack,109,190,106,104,70,174,83,208,2,238,45,231,163,25,137,161
Log_762,VM_40,H_18,10.89,38,Normal,205,7,54,90,137,184,113,78,100,85,44,49,63,94,1,172
Log_763,VM_38,H_18,60.82,77,Normal,94,61,141,73,221,99,110,103,14,13,158,156,26,84,8,19
Log_764,VM_3,H_2,36.69,80,Normal,226,185,78,215,176,56,143,99,74,248,135,66,18,237,104,194
Log_765,VM_29,H_12,46.58,58,Normal,163,216,187,163,10,50,125,79,182,53,16,189,169,23,144,47
Log_766,VM_8,H_10,30.41,33,Normal,83,213,197,6,141,10,11,109,132,132,127,147,53,54,185,78
Log_767,VM_29,H_8,32.49,14,Normal,89,96,248,126,29,23,214,200,130,121,99,175,70,149,13,47
Log_768,VM_55,H_19,11.06,31,Normal,28,49,207,239,225,137,198,216,26,78,95,155,136,70,250,247
Log_769,VM_10,H_10,61.09,87,Normal,79,153,226,80,86,7,1,222,184,179,185,122,120,95,92,2
Log_770,VM_5,H_11,59.76,17,Normal,135,186,1,222,189,114,48,100,147,28,144,73,104,149,5,61
Log_771,VM_11,H_14,55.81,46,Normal,234,225,30,189,118,11,11,190,143,24,149,90,87,75,244,17
Log_772,VM_4,H_15,71.46,41,Normal,44,110,79,67,139,176,160,213,190,17,53,111,96,26,233,210
Log_773,VM_49,H_10,73.09,65,Normal,239,77,152,161,87,229,187,53,86,4,235,122,163,53,215,163
Log_774,VM_58,H_4,48.95,83,Normal,196,38,197,108,227,236,131,73,243,64,212,167,230,36,66,110
Log_775,VM_35,H_7,57.94,25,Normal,158,218,208,124,86,204,46,154,178,147,237,244,12,190,43,151
Log_776,VM_50,H_11,10.77,7,Normal,124,118,232,250,130,125,234,137,192,48,123,185,204,77,224,129
Log_777,VM_40,H_3,69.24,12,Normal,193,102,104,119,30,67,225,210,249,36,200,23,204,43,221,82
Log_778,VM_56,H_5,67.15,74,Normal,40,201,178,41,107,205,39,47,112,83,3,229,107,59,113,166
Log_779,VM_12,H_2,11.42,97,Normal,4,105,223,5,250,13,197,125,205,139,61,26,53,89,11,135
Log_780,VM_21,H_12,48.0,87,Normal,73,143,179,25,135,232,44,220,83,208,146,144,102,123,192,122
Log_781,VM_16,H_5,73.47,21,Normal,115,156,13,16,12,92,225,218,62,237,32,28,36,102,210,173
Log_782,VM_14,H_7,22.7,14,Normal,23,141,238,228,132,124,52,87,97,113,94,157,187,119,72,218
Log_783,VM_21,H_4,34.69,17,Normal,155,105,25,17,163,135,145,211,57,252,159,92,48,175,209,70
Log_784,VM_48,H_11,33.17,95,Normal,64,219,32,49,3,118,83,116,243,163,248,222,101,155,130,5
Log_785,VM_27,H_9,34.92,16,Normal,172,22,134,119,60,99,64,133,23,36,44,178,99,215,101,172
Log_786,VM_36,H_4,12.93,70,Normal,62,28,100,108,95,152,9,34,54,152,218,172,95,122,11,3
Log_787,VM_1,H_9,29.53,78,Normal,105,89,66,144,200,220,64,81,104,180,83,184,104,225,114,27
Log_788,VM_1,H_12,30.64,89,Normal,239,226,15,20,76,226,41,53,31,113,37,197,113,229,165,181
Log_789,VM_22,H_16,70.61,27,Normal,187,204,109,244,102,76,174,139,52,250,160,155,120,2,209,153
Log_790,VM_15,H_1,34.65,69,Normal,53,39,193,67,113,219,219,216,217,236,174,129,41,161,93,252
Log_791,VM_52,H_8,41.31,56,Normal,148,235,100,171,214,224,123,1,90,239,58,213,97,15,147,153
Log_792,VM_20,H_1,36.65,65,Normal,15,197,236,107,22,41,36,71,133,164,115,149,5,245,31,144
Log_793,VM_3,H_20,18.45,30,Normal,37,144,36,150,176,188,176,60,76,159,126,85,190,6,149,84
Log_794,VM_14,H_19,79.32,19,Normal,5,188,141,143,2,136,46,84,241,93,221,251,169,169,223,22
Log_795,VM_9,H_4,67.81,26,Normal,2,128,66,248,228,70,130,227,176,66,54,131,30,65,205,100
Log_796,VM_19,H_14,47.86,93,Normal,63,30,116,190,65,158,46,234,21,201,243,93,224,82,45,88
Log_797,VM_40,H_14,43.35,69,Normal,185,118,188,245,45,0,95,152,60,104,80,13,44,76,254,229
Log_798,VM_34,H_9,55.45,30,Normal,166,65,31,95,57,103,55,133,216,66,209,177,117,246,37,234
Log_799,VM_4,H_9,32.85,25,Normal,130,111,132,151,53,33,238,239,38,111,87,227,219,47,48,33
Log_800,VM_33,H_17,13.52,28,Normal,207,99,134,17,69,113,219,230,33,50,104,92,254,195,141,68
Log_801,VM_43,H_15,38.3,20,Normal,88,102,135,142,250,82,186,10,147,182,35,81,141,185,37,88
Log_802,VM_37,H_10,78.88,36,Normal,207,209,0,103,64,0,242,212,124,59,24,90,137,49,139,91
Log_803,VM_2,H_17,97.75,1320,Hypervisor_Attack,240,31,32,199,233,25,41,177,60,40,184,129,98,97,197,30
Log_804,VM_27,H_9,46.94,81,Normal,150,203,181,114,155,206,146,203,241,47,1,138,171,100,186,127
Log_805,VM_45,H_4,93.84,842,Hypervisor_Attack,58,119,37,152,106,20,41,163,136,139,9,186,237,132,32,68
Log_806,VM_17,H_14,18.54,36,Normal,79,190,100,228,28,145,220,133,52,209,159,123,41,46,158,189
Log_807,VM_49,H_3,51.1,54,Normal,183,245,10,153,219,154,82,184,108,26,186,61,147,130,143,102
Log_808,VM_50,H_12,30.82,45,Normal,43,92,206,29,167,118,240,192,28,244,254,29,103,109,31,137
Log_809,VM_53,H_1,73.4,28,Normal,218,50,135,178,35,233,54,162,35,239,55,35,88,211,188,61
Log_810,VM_60,H_1,93.58,840,Hypervisor_Attack,243,108,244,208,86,152,239,63,187,56,112,222,69,226,179,183
Log_811,VM_31,H_13,24.56,79,Normal,190,195,231,19,232,53,0,236,89,225,246,137,150,178,112,151
Log_812,VM_41,H_14,48.19,83,Normal,12,156,185,109,90,94,42,137,158,230,73,215,224,13,98,108
Log_813,VM_6,H_16,87.8,681,Hypervisor_Attack,161,144,148,95,194,57,206,135,95,37,153,63,157,8,120,31
Log_814,VM_60,H_7,11.36,46,Normal,10,213,161,104,145,146,181,81,36,81,11,3,238,42,154,50
Log_815,VM_52,H_10,45.39,45,Normal,4,133,204,86,105,55,216,109,67,243,246,95,43,142,89,41
Log_816,VM_31,H_15,64.14,7,Normal,138,72,10,193,236,154,245,57,217,199,127,252,20,20,71,128
Log_817,VM_3,H_8,17.25,59,Normal,101,185,12,72,219,5,238,214,111,227,251,185,16,72,11,85
Log_818,VM_40,H_11,73.2,20,Normal,242,179,121,203,245,69,107,200,51,36,116,2,225,7,137,46
Log_819,VM_3,H_14,28.52,48,Normal,168,63,41,42,124,136,13,228,90,232,223,131,1,114,224,212
Log_820,VM_33,H_13,21.94,85,Normal,0,235,74,64,173,186,202,124,134,65,142,71,245,115,120,46
Log_821,VM_52,H_13,51.25,93,Normal,89,39,252,41,178,34,243,237,232,40,84,123,56,37,199,234
Log_822,VM_59,H_9,22.25,34,Normal,95,135,235,201,62,86,131,175,51,37,221,232,86,4,212,119
Log_823,VM_13,H_17,94.49,1250,Hypervisor_Attack,69,112,208,216,23,85,204,144,205,225,217,210,25,251,2,1
Log_824,VM_21,H_18,44.31,64,Normal,91,1,149,70,3,240,37,102,211,69,200,51,251,30,253,153
Log_825,VM_37,H_19,17.7,81,Normal,35,153,155,132,114,73,17,14,184,252,96,4,36,103,85,213
Log_826,VM_16,H_13,73.87,28,Normal,149,179,14,16,50,252,44,190,121,155,186,213,148,169,208,196
Log_827,VM_21,H_12,57.12,30,Normal,81,144,195,245,134,88,100,39,167,42,72,210,178,200,22,94
Log_828,VM_56,H_20,48.22,62,Normal,159,243,158,16,111,102,57,85,34,29,191,180,178,103,164,217
Log_829,VM_48,H_20,36.2,13,Normal,121,133,33,55,223,24,114,12,62,229,101,193,121,119,132,202
Log_830,VM_56,H_8,19.44,65,Normal,10,215,205,108,221,103,110,171,226,212,246,68,101,1,167,36
Log_831,VM_44,H_11,59.53,23,Normal,117,48,249,225,74,163,74,200,197,247,33,57,110,164,95,59
Log_832,VM_13,H_7,66.96,32,Normal,139,236,31,208,131,105,32,42,111,106,8,225,230,178,221,113
Log_833,VM_4,H_1,18.81,11,Normal,124,19,166,150,40,43,124,34,150,245,57,47,230,214,57,100
Log_834,VM_31,H_10,44.62,49,Normal,56,214,166,155,63,61,82,112,111,61,93,212,215,84,25,178
Log_835,VM_9,H_15,43.94,90,Normal,120,49,254,114,251,35,153,32,122,99,67,72,135,193,220,22
Log_836,VM_48,H_4,34.49,98,Normal,69,54,170,227,253,109,148,149,8,161,186,248,153,128,227,107
Log_837,VM_33,H_1,65.25,67,Normal,132,168,190,149,67,175,65,143,207,52,127,247,247,213,234,64
Log_838,VM_37,H_11,99.78,1350,Hypervisor_Attack,206,63,215,67,190,61,209,80,70,113,172,51,115,124,201,126
Log_839,VM_53,H_5,24.35,20,Normal,64,129,176,21,223,156,162,208,75,151,93,235,157,211,169,70
Log_840,VM_37,H_19,10.11,9,Normal,105,49,254,245,101,198,187,112,29,11,176,222,81,45,170,129
Log_841,VM_24,H_19,36.11,33,Normal,244,96,202,225,79,53,34,51,160,212,83,71,178,25,224,189
Log_842,VM_25,H_4,30.38,56,Normal,60,153,36,157,94,224,10,180,40,132,65,140,190,209,217,152
Log_843,VM_51,H_2,70.69,27,Normal,171,141,68,58,183,233,179,65,67,11,202,67,170,72,201,218
Log_844,VM_41,H_7,62.21,10,Normal,5,14,41,30,213,180,5,32,156,20,123,181,183,243,93,148
Log_845,VM_29,H_13,15.91,40,Normal,99,54,185,63,85,173,211,21,252,243,59,103,138,46,158,242
Log_846,VM_59,H_20,61.87,61,Normal,231,76,17,21,183,144,37,24,31,142,12,185,217,177,10,12
Log_847,VM_40,H_12,57.28,37,Normal,96,177,100,37,0,38,26,35,159,168,142,30,126,5,88,240
Log_848,VM_51,H_2,29.72,53,Normal,179,209,149,30,99,72,45,194,96,218,252,170,0,171,56,8
Log_849,VM_50,H_9,11.08,45,Normal,4,78,113,8,172,219,204,23,236,250,201,169,149,102,59,85
Log_850,VM_47,H_16,18.06,84,Normal,254,254,164,115,166,83,201,201,89,88,180,119,155,204,142,187
Log_851,VM_36,H_8,27.5,59,Normal,187,5,51,139,18,223,74,229,224,129,54,14,191,99,68,142
Log_852,VM_15,H_18,67.16,30,Normal,42,201,16,97,115,151,73,115,29,66,50,59,228,2,103,4
Log_853,VM_45,H_4,42.57,41,Normal,27,253,107,205,230,138,199,100,199,75,14,82,47,126,45,27
Log_854,VM_60,H_11,74.29,81,Normal,6,231,198,93,81,87,133,185,242,67,54,194,176,117,178,186
Log_855,VM_18,H_17,65.24,21,Normal,238,249,133,217,107,50,37,138,179,92,19,9,25,47,90,113
Log_856,VM_20,H_8,30.1,36,Normal,13,99,186,11,115,122,22,84,71,166,121,136,215,94,24,16
Log_857,VM_5,H_19,69.18,32,Normal,169,28,187,66,84,56,71,13,249,38,143,17,222,74,101,19
Log_858,VM_18,H_8,18.17,97,Normal,116,173,116,172,3,83,222,147,138,113,64,235,145,166,43,224
Log_859,VM_60,H_6,12.53,29,Normal,117,99,17,174,158,127,226,166,37,206,174,197,135,103,213,192
Log_860,VM_40,H_2,52.6,51,Normal,249,12,54,87,84,108,42,131,70,187,11,58,204,181,43,15
Log_861,VM_1,H_15,33.92,26,Normal,133,13,114,111,122,57,158,227,228,168,119,34,245,9,80,242
Log_862,VM_19,H_1,33.06,95,Normal,233,157,43,182,70,17,82,78,230,235,85,252,166,41,248,247
Log_863,VM_23,H_6,58.1,65,Normal,181,123,29,19,125,95,124,41,88,86,4,49,40,93,239,166
Log_864,VM_26,H_19,69.51,48,Normal,56,218,184,233,164,134,132,206,50,105,135,183,200,10,253,251
Log_865,VM_49,H_4,32.55,24,Normal,149,97,98,204,138,187,95,105,250,142,165,0,45,241,87,170
Log_866,VM_29,H_13,32.75,54,Normal,231,21,2,141,129,60,159,239,37,224,45,169,133,40,230,152
Log_867,VM_59,H_15,47.37,92,Normal,225,138,109,228,40,198,56,173,122,239,85,175,62,38,137,212
Log_868,VM_34,H_9,55.72,51,Normal,197,240,192,225,186,205,163,26,200,182,197,222,80,180,106,187
Log_869,VM_19,H_3,24.2,51,Normal,188,35,84,154,168,27,15,34,163,183,98,236,146,252,184,212
Log_870,VM_48,H_2,73.89,76,Normal,121,160,22,118,62,69,223,149,194,226,79,233,58,152,16,38
Log_871,VM_18,H_16,55.81,55,Normal,76,91,202,201,166,23,165,87,224,208,184,43,35,98,69,121
Log_872,VM_2,H_18,53.76,59,Normal,123,79,44,219,232,223,153,138,179,152,30,84,44,246,114,66
Log_873,VM_60,H_18,73.29,82,Normal,75,242,39,173,181,40,216,119,80,37,99,163,210,171,56,65
Log_874,VM_27,H_6,73.51,43,Normal,208,29,238,9,226,60,190,243,35,53,96,192,209,3,182,53
Log_875,VM_6,H_18,19.49,18,Normal,110,90,88,63,118,91,244,149,233,152,80,58,184,181,43,179
Log_876,VM_39,H_11,20.16,73,Normal,75,143,100,124,15,208,54,188,94,78,76,39,218,20,65,135
Log_877,VM_6,H_7,63.34,51,Normal,233,198,9,184,131,42,104,227,226,62,170,194,249,81,249,50
Log_878,VM_59,H_14,76.98,25,Normal,237,55,170,151,223,33,58,129,129,137,150,142,117,203,127,234
Log_879,VM_6,H_18,56.66,19,Normal,16,81,13,80,206,203,122,15,31,22,101,161,97,143,161,103
Log_880,VM_31,H_7,38.79,85,Normal,125,198,160,67,170,63,243,70,17,195,112,124,126,60,74,106
Log_881,VM_41,H_10,86.27,1816,Hypervisor_Attack,147,138,206,173,191,80,225,241,239,203,105,27,175,162,7,90
Log_882,VM_40,H_8,88.05,1018,Hypervisor_Attack,149,245,120,151,65,94,213,63,64,124,13,24,227,99,104,130
Log_883,VM_30,H_14,79.86,84,Normal,132,64,181,18,224,105,53,221,203,137,225,143,103,173,156,14
Log_884,VM_56,H_18,89.94,576,Hypervisor_Attack,47,138,235,33,163,157,98,200,209,18,230,195,69,114,160,95
Log_885,VM_54,H_5,75.22,14,Normal,207,74,149,35,241,150,62,153,252,187,222,92,4,181,165,189
Log_886,VM_21,H_14,40.16,27,Normal,24,251,97,11,149,136,251,83,28,171,220,108,26,245,54,208
Log_887,VM_41,H_10,74.97,22,Normal,132,51,236,252,12,41,142,78,17,49,1,86,106,140,234,195
Log_888,VM_44,H_15,33.5,62,Normal,46,245,246,88,202,177,239,233,11,12,136,58,244,172,229,197
Log_889,VM_18,H_6,63.24,77,Normal,234,242,250,42,73,22,78,172,22,231,100,161,143,190,108,178
Log_890,VM_23,H_9,91.15,1640,Hypervisor_Attack,232,110,159,165,231,183,237,196,16,85,38,40,47,209,155,76
Log_891,VM_38,H_10,55.22,81,Normal,177,233,0,116,177,18,225,58,195,106,194,168,137,27,33,38
Log_892,VM_23,H_17,57.43,56,Normal,238,250,125,82,105,183,179,109,227,120,106,130,22,144,70,153
Log_893,VM_28,H_1,17.2,99,Normal,106,145,251,237,45,69,30,92,136,117,162,80,59,75,62,99
Log_894,VM_36,H_14,43.2,50,Normal,179,47,188,151,73,57,191,29,156,230,9,38,54,27,145,168
Log_895,VM_25,H_4,72.07,17,Normal,117,113,208,74,64,80,99,99,45,59,136,172,187,155,239,96
Log_896,VM_7,H_2,26.86,21,Normal,2,178,135,113,197,186,115,188,57,69,92,228,139,136,104,48
Log_897,VM_18,H_3,65.19,71,Normal,82,16,53,111,171,159,162,205,48,181,143,84,11,251,215,125
Log_898,VM_20,H_7,57.3,65,Normal,97,135,235,148,47,135,27,79,9,51,142,131,89,254,206,227
Log_899,VM_5,H_14,25.61,69,Normal,223,61,106,254,229,131,40,200,98,54,27,100,46,251,136,129
Log_900,VM_18,H_12,29.8,57,Normal,194,249,116,107,175,68,201,27,78,13,45,214,140,15,221,167
Log_901,VM_42,H_19,94.32,597,Hypervisor_Attack,199,253,208,157,80,226,192,240,57,215,47,48,88,129,216,13
Log_902,VM_40,H_18,18.76,36,Normal,102,120,242,224,144,122,158,137,69,102,216,101,164,63,157,161
Log_903,VM_33,H_15,73.94,93,Normal,17,215,62,48,55,90,57,154,54,230,84,18,230,150,102,111
Log_904,VM_15,H_1,61.76,49,Normal,107,46,206,106,193,226,178,83,155,127,184,57,142,143,96,46
Log_905,VM_35,H_3,35.55,60,Normal,190,139,102,230,170,83,156,234,48,130,111,196,59,65,86,125
Log_906,VM_47,H_15,92.28,773,Hypervisor_Attack,217,25,70,251,73,196,46,75,95,169,30,21,16,211,147,234
Log_907,VM_46,H_4,58.27,91,Normal,135,238,97,48,86,37,52,27,76,156,252,199,138,174,172,17
Log_908,VM_1,H_15,39.7,80,Normal,49,88,176,149,44,188,226,126,92,20,247,198,188,75,163,151
Log_909,VM_21,H_10,26.05,38,Normal,159,90,223,186,95,95,217,74,109,81,127,102,132,143,138,245
Log_910,VM_8,H_6,87.42,831,Hypervisor_Attack,34,111,202,169,86,118,97,239,80,137,81,235,135,250,25,2
Log_911,VM_7,H_13,70.99,91,Normal,58,115,215,130,165,129,226,144,200,35,85,222,246,97,215,123
Log_912,VM_41,H_7,14.8,84,Normal,72,109,121,234,129,212,161,26,164,198,149,67,13,97,22,171
Log_913,VM_50,H_1,35.79,66,Normal,233,216,192,114,246,111,206,95,77,232,60,84,182,238,249,70
Log_914,VM_44,H_11,77.36,73,Normal,227,84,49,231,139,206,14,144,33,235,34,38,229,205,182,186
Log_915,VM_40,H_14,11.04,67,Normal,132,29,131,254,142,102,162,236,73,54,193,235,59,23,219,21
Log_916,VM_40,H_6,72.34,48,Normal,171,31,94,82,178,212,2,69,159,129,87,108,58,251,218,200
Log_917,VM_30,H_5,36.24,32,Normal,76,254,246,13,50,138,77,79,9,211,79,123,185,33,120,79
Log_918,VM_38,H_19,23.27,74,Normal,205,52,155,17,153,101,134,172,97,238,240,44,198,224,34,179
Log_919,VM_35,H_19,11.05,17,Normal,113,230,20,240,155,95,43,79,55,137,150,175,179,241,142,54
Log_920,VM_2,H_13,14.94,47,Normal,42,49,5,160,61,54,166,139,115,227,30,73,180,33,168,9
Log_921,VM_46,H_7,22.03,34,Normal,51,202,184,77,2,184,160,134,3,166,47,253,73,78,143,165
Log_922,VM_8,H_8,11.78,30,Normal,3,3,119,118,227,154,213,213,16,236,225,95,243,69,181,96
Log_923,VM_38,H_14,33.51,85,Normal,7,113,252,180,227,4,196,46,201,39,121,134,139,93,152,27
Log_924,VM_4,H_19,13.14,67,Normal,170,76,174,48,85,53,17,26,71,133,202,220,121,104,249,68
Log_925,VM_37,H_19,58.46,77,Normal,70,149,186,174,116,245,195,31,210,108,96,0,181,173,168,247
Log_926,VM_21,H_12,67.32,61,Normal,107,113,40,7,159,29,45,219,104,179,95,216,225,60,224,140
Log_927,VM_13,H_9,72.12,68,Normal,88,233,167,230,125,60,119,171,240,189,120,171,47,201,58,184
Log_928,VM_9,H_14,48.44,84,Normal,222,235,10,24,188,45,53,243,236,33,250,83,134,224,61,56
Log_929,VM_45,H_6,76.26,53,Normal,226,252,92,115,75,132,75,220,162,211,36,187,192,143,29,200
Log_930,VM_29,H_15,10.4,56,Normal,41,60,201,204,47,189,83,92,191,184,67,45,112,27,228,76
Log_931,VM_41,H_13,19.38,67,Normal,120,2,36,175,146,91,82,16,209,209,120,86,39,177,72,28
Log_932,VM_56,H_7,30.52,86,Normal,178,41,28,65,123,144,248,119,108,158,91,234,111,51,166,59
Log_933,VM_24,H_11,99.45,653,Hypervisor_Attack,93,226,239,178,211,143,97,13,217,211,169,50,23,106,209,170
Log_934,VM_16,H_10,71.98,97,Normal,72,146,83,60,105,93,62,153,254,94,34,66,55,39,252,156
Log_935,VM_12,H_1,53.27,92,Normal,133,179,128,179,23,101,161,114,251,134,74,10,35,147,62,79
Log_936,VM_2,H_7,36.83,49,Normal,190,196,87,29,157,102,248,111,238,228,224,83,245,149,104,249
Log_937,VM_19,H_18,56.61,50,Normal,188,20,36,245,26,101,162,37,231,59,69,31,79,219,207,154
Log_938,VM_30,H_3,22.66,81,Normal,244,130,176,212,101,253,101,29,21,18,30,19,238,146,129,39
Log_939,VM_16,H_9,42.05,93,Normal,166,90,71,108,181,26,78,139,238,77,198,16,217,228,83,137
Log_940,VM_24,H_5,45.53,45,Normal,146,209,157,157,152,87,73,126,193,101,95,162,50,100,70,70
Log_941,VM_13,H_13,17.34,50,Normal,154,9,96,170,182,198,133,5,76,175,76,1,210,50,188,146
Log_942,VM_5,H_16,12.37,5,Normal,241,120,127,229,1,50,153,69,19,22,53,142,133,219,162,202
Log_943,VM_23,H_16,62.51,77,Normal,135,56,245,177,176,114,242,215,148,240,122,35,70,68,57,62
Log_944,VM_56,H_12,47.43,72,Normal,220,15,133,77,121,179,1,216,222,113,113,204,123,145,208,236
Log_945,VM_38,H_18,33.26,96,Normal,219,203,162,85,166,128,253,164,20,0,131,223,57,0,140,173
Log_946,VM_31,H_11,40.61,16,Normal,174,208,203,254,6,246,50,246,2,177,153,30,99,61,153,194
Log_947,VM_53,H_17,77.04,92,Normal,107,54,155,43,80,165,238,29,65,135,13,100,226,105,102,61
Log_948,VM_56,H_7,36.94,77,Normal,74,190,78,193,228,106,95,39,140,106,16,14,160,242,15,242
Log_949,VM_17,H_15,17.24,39,Normal,12,246,213,150,35,42,177,113,73,80,93,140,29,184,237,29
Log_950,VM_49,H_6,42.45,37,Normal,198,9,98,193,93,210,38,36,251,130,88,161,246,254,249,213
Log_951,VM_49,H_6,55.36,62,Normal,165,13,191,38,181,129,223,42,180,130,168,7,217,95,202,241
Log_952,VM_3,H_18,10.85,39,Normal,190,64,78,131,67,91,9,74,177,150,60,46,2,230,102,16
Log_953,VM_26,H_19,33.26,50,Normal,21,115,90,247,143,207,103,2,51,110,160,41,129,38,254,45
Log_954,VM_13,H_20,37.55,88,Normal,47,26,251,14,6,108,184,41,8,104,133,247,184,75,29,182
Log_955,VM_44,H_19,42.46,70,Normal,83,125,83,53,109,26,83,186,6,167,103,221,71,1,141,137
Log_956,VM_38,H_2,31.12,48,Normal,49,145,17,15,51,196,179,158,228,83,150,95,41,208,189,204
Log_957,VM_22,H_3,56.68,30,Normal,112,177,204,208,123,14,89,171,219,41,44,93,106,162,21,127
Log_958,VM_21,H_14,76.13,46,Normal,201,202,37,96,197,191,100,6,245,43,75,6,193,59,0,61
Log_959,VM_29,H_4,87.61,1100,Hypervisor_Attack,86,88,17,107,134,114,53,66,92,137,188,58,186,234,68,190
Log_960,VM_45,H_17,56.51,34,Normal,97,7,205,231,54,133,128,55,224,103,202,113,87,137,107,243
Log_961,VM_46,H_6,45.48,36,Normal,22,143,100,143,55,107,94,5,29,190,228,128,50,105,88,126
Log_962,VM_39,H_19,67.81,40,Normal,45,120,148,98,165,68,62,240,49,11,68,253,72,43,51,8
Log_963,VM_5,H_9,68.52,23,Normal,226,192,117,238,9,45,102,227,185,36,51,239,98,80,12,133
Log_964,VM_14,H_4,68.07,26,Normal,185,100,127,47,159,10,80,4,5,201,116,224,221,148,41,80
Log_965,VM_18,H_7,21.05,69,Normal,154,2,59,220,193,92,48,227,33,36,41,192,187,217,0,186
Log_966,VM_4,H_4,11.78,61,Normal,249,131,102,141,109,145,33,0,52,21,207,188,149,177,15,155
Log_967,VM_33,H_11,78.82,15,Normal,219,118,85,247,197,216,41,193,70,116,208,162,19,107,129,6
Log_968,VM_39,H_2,77.18,30,Normal,223,176,210,203,8,26,205,129,84,195,59,242,212,111,85,176
Log_969,VM_20,H_10,49.51,52,Normal,129,144,82,103,87,19,229,203,216,125,214,241,250,97,159,50
Log_970,VM_13,H_6,79.51,23,Normal,87,169,62,88,188,189,130,88,91,75,25,175,107,7,132,138
Log_971,VM_36,H_8,63.94,87,Normal,41,226,218,118,168,107,229,146,175,180,182,119,188,159,45,91
Log_972,VM_45,H_15,46.22,16,Normal,163,145,73,95,17,139,114,71,224,45,182,37,205,129,8,252
Log_973,VM_4,H_13,37.25,71,Normal,107,132,97,18,70,38,41,144,190,89,173,218,106,219,147,197
Log_974,VM_35,H_2,51.5,60,Normal,135,95,146,31,125,146,23,23,183,208,247,119,17,139,40,86
Log_975,VM_8,H_20,95.39,1355,Hypervisor_Attack,247,175,81,191,143,207,227,150,213,166,32,23,60,54,188,83
Log_976,VM_52,H_1,79.57,9,Normal,224,222,167,185,118,71,73,128,84,152,95,52,188,173,109,201
Log_977,VM_40,H_15,44.33,28,Normal,59,50,120,252,239,72,211,175,211,250,167,6,74,212,229,238
Log_978,VM_57,H_7,68.51,82,Normal,18,237,142,69,188,55,137,173,79,108,202,184,34,71,91,2
Log_979,VM_49,H_18,91.61,1286,Hypervisor_Attack,65,180,205,51,92,180,181,46,2,192,142,83,213,33,49,32
Log_980,VM_47,H_10,15.0,71,Normal,72,2,1,131,15,181,32,8,56,39,229,51,209,15,135,86
Log_981,VM_36,H_15,16.09,74,Normal,59,253,163,2,14,101,254,254,224,209,22,234,130,157,172,16
Log_982,VM_6,H_5,56.19,80,Normal,113,185,57,223,109,184,134,166,77,185,183,142,43,11,7,79
Log_983,VM_56,H_11,28.14,56,Normal,40,161,45,215,247,28,15,132,4,243,29,116,177,241,4,234
Log_984,VM_22,H_8,56.03,79,Normal,140,226,48,88,49,13,107,45,217,81,125,83,33,70,174,59
Log_985,VM_60,H_8,20.12,43,Normal,73,206,80,138,97,90,212,94,177,248,131,168,186,59,112,80
Log_986,VM_6,H_6,37.79,63,Normal,240,189,239,83,24,231,214,206,32,18,56,14,40,196,207,59
Log_987,VM_42,H_15,17.17,30,Normal,108,239,95,21,170,159,140,165,25,243,208,132,124,176,96,218
Log_988,VM_36,H_15,29.75,69,Normal,132,228,70,175,17,94,133,65,126,204,41,116,179,10,25,148
Log_989,VM_9,H_5,16.18,84,Normal,193,167,55,117,178,147,208,207,56,233,4,13,23,242,67,179
Log_990,VM_16,H_13,77.94,52,Normal,47,215,174,59,200,2,118,136,209,99,82,23,131,136,224,0
Log_991,VM_39,H_14,37.65,57,Normal,115,242,162,201,139,145,205,9,201,145,151,128,221,78,199,249
Log_992,VM_46,H_11,73.08,13,Normal,98,209,232,143,212,142,189,132,44,117,51,198,111,134,154,216
Log_993,VM_59,H_20,99.56,792,Hypervisor_Attack,213,111,12,16,232,43,140,217,72,4,230,32,131,219,153,67
Log_994,VM_38,H_12,73.67,76,Normal,15,228,149,35,101,185,182,162,24,71,80,60,17,241,57,248
Log_995,VM_33,H_20,41.85,65,Normal,75,120,56,96,214,62,11,10,140,162,26,216,103,66,240,88
Log_996,VM_18,H_1,64.52,25,Normal,44,201,80,254,66,236,149,101,205,90,41,19,47,17,127,76
Log_997,VM_12,H_3,20.76,67,Normal,233,197,201,228,220,5,38,10,111,152,107,235,93,54,83,57
Log_998,VM_54,H_8,90.44,600,Hypervisor_Attack,36,15,222,220,69,92,223,200,164,180,214,143,17,146,171,129
Log_999,VM_27,H_12,71.38,62,Normal,185,137,203,45,209,18,37,36,218,254,111,205,44,116,161,129
Log_1000,VM_47,H_15,12.18,49,Normal,43,96,82,123,123,26,47,93,6,154,84,198,111,88,127,229
